timestamp,level,module,error_code,content
2005-06-17 04:03:46,error,workerenv,1,mod_jk child workerEnv in error state 1
2005-06-18 07:35:44,error,workerenv,1,mod_jk child workerEnv in error state 1
2005-06-18 11:25:21,error,workerenv,1,mod_jk child workerEnv in error state 1
2005-06-18 11:25:22,error,workerenv,1,mod_jk child workerEnv in error state 1
2005-06-19 04:09:10,error,workerenv,2,mod_jk child workerEnv in error state 2
2005-06-19 04:09:11,error,workerenv,2,mod_jk child workerEnv in error state 2
2005-06-19 12:05:56,error,workerenv,2,mod_jk child workerEnv in error state 2
2005-06-19 12:05:58,error,workerenv,2,mod_jk child workerEnv in error state 2
2005-06-21 22:16:01,error,workerenv,2,mod_jk child workerEnv in error state 2
2005-06-25 04:04:32,error,workerenv,3,mod_jk child workerEnv in error state 3
2005-06-25 04:04:33,error,workerenv,3,mod_jk child workerEnv in error state 3
2005-06-25 04:04:33,error,workerenv,3,mod_jk child workerEnv in error state 3
2005-06-25 13:00:21,error,workerenv,3,mod_jk child workerEnv in error state 3
2005-06-25 14:44:38,error,workerenv,2,mod_jk child workerEnv in error state 2
2005-06-26 04:04:29,error,workerenv,4,mod_jk child workerEnv in error state 4
2005-06-26 19:44:33,error,workerenv,4,mod_jk child workerEnv in error state 4
2005-06-27 04:02:55,error,workerenv,5,mod_jk child workerEnv in error state 5
2005-06-28 07:13:29,error,workerenv,5,mod_jk child workerEnv in error state 5
2005-06-28 07:13:30,error,workerenv,5,mod_jk child workerEnv in error state 5
2005-06-28 14:00:37,error,workerenv,4,mod_jk child workerEnv in error state 4
2005-06-28 14:00:41,error,workerenv,2,mod_jk child workerEnv in error state 2
2005-07-03 04:08:02,error,workerenv,6,mod_jk child workerEnv in error state 6
2005-07-03 04:08:02,error,workerenv,6,mod_jk child workerEnv in error state 6
2005-07-07 10:24:01,error,workerenv,6,mod_jk child workerEnv in error state 6
2005-07-09 13:07:16,error,workerenv,6,mod_jk child workerEnv in error state 6
2005-07-10 04:04:45,error,workerenv,7,mod_jk child workerEnv in error state 7
2005-07-10 04:04:45,error,workerenv,7,mod_jk child workerEnv in error state 7
2005-07-11 17:35:29,error,workerenv,7,mod_jk child workerEnv in error state 7
2005-07-15 06:16:04,error,workerenv,7,mod_jk child workerEnv in error state 7
2005-07-15 06:16:09,error,workerenv,6,mod_jk child workerEnv in error state 6
2005-07-17 04:08:22,error,workerenv,8,mod_jk child workerEnv in error state 8
2005-07-18 05:33:39,error,workerenv,8,mod_jk child workerEnv in error state 8
2005-07-18 05:33:41,error,workerenv,8,mod_jk child workerEnv in error state 8
2005-07-18 05:33:44,error,workerenv,8,mod_jk child workerEnv in error state 8
2005-07-24 04:20:47,error,workerenv,9,mod_jk child workerEnv in error state 9
2005-08-07 04:04:00,error,workerenv,1,mod_jk child workerEnv in error state 1
2005-08-07 04:04:00,error,workerenv,1,mod_jk child workerEnv in error state 1
2005-08-09 16:59:59,error,workerenv,1,mod_jk child workerEnv in error state 1
2005-08-14 04:03:53,error,workerenv,2,mod_jk child workerEnv in error state 2
2005-08-14 15:08:41,error,workerenv,2,mod_jk child workerEnv in error state 2
2005-08-17 01:35:37,error,workerenv,2,mod_jk child workerEnv in error state 2
2005-08-21 04:03:49,error,workerenv,3,mod_jk child workerEnv in error state 3
2005-08-27 01:05:11,error,workerenv,3,mod_jk child workerEnv in error state 3
2005-08-27 01:05:12,error,workerenv,3,mod_jk child workerEnv in error state 3
2005-08-28 04:10:39,error,workerenv,4,mod_jk child workerEnv in error state 4
2005-08-28 20:51:33,error,workerenv,4,mod_jk child workerEnv in error state 4
2005-09-04 04:04:11,error,workerenv,5,mod_jk child workerEnv in error state 5
2005-09-04 18:28:15,error,workerenv,5,mod_jk child workerEnv in error state 5
2005-09-08 15:14:59,error,workerenv,5,mod_jk child workerEnv in error state 5
2005-09-11 04:03:53,error,workerenv,6,mod_jk child workerEnv in error state 6
2005-09-11 04:03:53,error,workerenv,6,mod_jk child workerEnv in error state 6
2005-09-11 19:09:21,error,workerenv,6,mod_jk child workerEnv in error state 6
2005-09-14 18:58:38,error,workerenv,6,mod_jk child workerEnv in error state 6
2005-09-14 18:58:41,error,workerenv,5,mod_jk child workerEnv in error state 5
2005-09-14 18:58:43,error,workerenv,5,mod_jk child workerEnv in error state 5
2005-09-18 04:07:25,error,workerenv,7,mod_jk child workerEnv in error state 7
2005-09-18 04:07:25,error,workerenv,7,mod_jk child workerEnv in error state 7
2005-09-18 04:07:26,error,workerenv,7,mod_jk child workerEnv in error state 7
2005-09-18 04:07:26,error,workerenv,7,mod_jk child workerEnv in error state 7
2005-10-09 04:12:43,error,workerenv,1,mod_jk child workerEnv in error state 1
2005-10-09 04:12:43,error,workerenv,1,mod_jk child workerEnv in error state 1
2005-10-09 04:12:43,error,workerenv,1,mod_jk child workerEnv in error state 1
2005-10-09 04:12:43,error,workerenv,1,mod_jk child workerEnv in error state 1
2005-10-09 04:12:43,error,workerenv,1,mod_jk child workerEnv in error state 1
2005-10-09 04:12:43,error,workerenv,1,mod_jk child workerEnv in error state 1
2005-10-09 04:12:43,error,workerenv,1,mod_jk child workerEnv in error state 1
2005-10-09 04:12:43,error,workerenv,1,mod_jk child workerEnv in error state 1
2005-10-10 09:56:35,error,workerenv,1,mod_jk child workerEnv in error state 1
2005-10-10 09:56:35,error,workerenv,1,mod_jk child workerEnv in error state 1
2005-10-10 09:56:35,error,workerenv,1,mod_jk child workerEnv in error state 1
2005-10-10 09:56:35,error,workerenv,1,mod_jk child workerEnv in error state 1
2005-10-10 09:56:35,error,workerenv,1,mod_jk child workerEnv in error state 1
2005-10-10 09:56:36,error,workerenv,1,mod_jk child workerEnv in error state 1
2005-10-13 02:34:54,error,workerenv,1,mod_jk child workerEnv in error state 1
2005-10-16 04:15:26,error,workerenv,2,mod_jk child workerEnv in error state 2
2005-10-16 04:15:26,error,workerenv,2,mod_jk child workerEnv in error state 2
2005-10-16 04:15:26,error,workerenv,2,mod_jk child workerEnv in error state 2
2005-10-16 04:15:26,error,workerenv,2,mod_jk child workerEnv in error state 2
2005-10-16 04:15:26,error,workerenv,2,mod_jk child workerEnv in error state 2
2005-10-16 04:15:26,error,workerenv,2,mod_jk child workerEnv in error state 2
2005-10-16 04:15:26,error,workerenv,2,mod_jk child workerEnv in error state 2
2005-10-16 04:15:26,error,workerenv,2,mod_jk child workerEnv in error state 2
2005-10-20 18:47:00,error,workerenv,2,mod_jk child workerEnv in error state 2
2005-10-22 18:07:32,error,workerenv,2,mod_jk child workerEnv in error state 2
2005-10-23 04:04:06,error,workerenv,3,mod_jk child workerEnv in error state 3
2005-10-24 13:03:51,error,workerenv,3,mod_jk child workerEnv in error state 3
2005-10-24 13:03:52,error,workerenv,2,mod_jk child workerEnv in error state 2
2005-11-06 04:06:14,error,workerenv,1,mod_jk child workerEnv in error state 1
2005-11-08 04:09:43,error,workerenv,1,mod_jk child workerEnv in error state 1
2005-11-08 04:09:48,error,workerenv,1,mod_jk child workerEnv in error state 1
2005-11-08 04:09:50,error,workerenv,1,mod_jk child workerEnv in error state 1
2005-11-08 17:25:22,error,workerenv,1,mod_jk child workerEnv in error state 1
2005-11-10 10:17:15,error,workerenv,2,mod_jk child workerEnv in error state 2
2005-11-10 10:17:17,error,workerenv,2,mod_jk child workerEnv in error state 2
2005-11-10 10:17:18,error,workerenv,2,mod_jk child workerEnv in error state 2
2005-11-11 06:32:19,error,workerenv,2,mod_jk child workerEnv in error state 2
2005-11-11 06:32:19,error,workerenv,2,mod_jk child workerEnv in error state 2
2005-11-12 03:37:21,error,workerenv,2,mod_jk child workerEnv in error state 2
2005-11-13 04:15:48,error,workerenv,2,mod_jk child workerEnv in error state 2
2005-11-13 04:15:48,error,workerenv,2,mod_jk child workerEnv in error state 2
2005-11-13 04:15:48,error,workerenv,2,mod_jk child workerEnv in error state 2
2005-11-13 04:15:48,error,workerenv,2,mod_jk child workerEnv in error state 2
2005-11-13 04:15:48,error,workerenv,2,mod_jk child workerEnv in error state 2
2005-11-13 04:15:48,error,workerenv,2,mod_jk child workerEnv in error state 2
2005-11-13 04:15:48,error,workerenv,2,mod_jk child workerEnv in error state 2
2005-11-13 04:15:48,error,workerenv,2,mod_jk child workerEnv in error state 2
2005-11-13 04:59:02,error,workerenv,2,mod_jk child workerEnv in error state 2
2005-11-14 00:17:47,error,workerenv,2,mod_jk child workerEnv in error state 2
2005-11-14 00:17:47,error,workerenv,2,mod_jk child workerEnv in error state 2
2005-11-14 17:00:39,error,workerenv,2,mod_jk child workerEnv in error state 2
2005-11-14 17:00:39,error,workerenv,2,mod_jk child workerEnv in error state 2
2005-11-14 17:00:43,error,workerenv,2,mod_jk child workerEnv in error state 2
2005-11-15 04:47:56,error,workerenv,3,mod_jk child workerEnv in error state 3
2005-11-15 04:47:56,error,workerenv,3,mod_jk child workerEnv in error state 3
2005-11-15 04:51:36,error,workerenv,3,mod_jk child workerEnv in error state 3
2005-11-15 04:51:36,error,workerenv,3,mod_jk child workerEnv in error state 3
2005-11-15 04:51:36,error,workerenv,3,mod_jk child workerEnv in error state 3
2005-11-15 04:57:59,error,workerenv,3,mod_jk child workerEnv in error state 3
2005-11-15 04:57:59,error,workerenv,3,mod_jk child workerEnv in error state 3
2005-11-15 04:57:59,error,workerenv,3,mod_jk child workerEnv in error state 3
2005-11-15 04:58:00,error,workerenv,3,mod_jk child workerEnv in error state 3
2005-11-15 04:58:00,error,workerenv,3,mod_jk child workerEnv in error state 3
2005-11-15 06:37:15,error,workerenv,3,mod_jk child workerEnv in error state 3
2005-11-15 12:34:15,error,workerenv,3,mod_jk child workerEnv in error state 3
2005-11-15 12:34:15,error,workerenv,3,mod_jk child workerEnv in error state 3
2005-11-15 12:34:15,error,workerenv,3,mod_jk child workerEnv in error state 3
2005-11-15 12:36:29,error,workerenv,3,mod_jk child workerEnv in error state 3
2005-11-15 12:40:40,error,workerenv,3,mod_jk child workerEnv in error state 3
2005-11-15 12:48:04,error,workerenv,3,mod_jk child workerEnv in error state 3
2005-11-15 12:48:04,error,workerenv,5,mod_jk child workerEnv in error state 5
2005-11-15 12:48:06,error,workerenv,3,mod_jk child workerEnv in error state 3
2005-11-15 12:48:06,error,workerenv,3,mod_jk child workerEnv in error state 3
2005-11-15 12:48:06,error,workerenv,3,mod_jk child workerEnv in error state 3
2005-11-15 12:48:06,error,workerenv,3,mod_jk child workerEnv in error state 3
2005-11-15 12:48:06,error,workerenv,6,mod_jk child workerEnv in error state 6
2005-11-15 12:48:06,error,workerenv,4,mod_jk child workerEnv in error state 4
2005-11-15 12:48:07,error,workerenv,3,mod_jk child workerEnv in error state 3
2005-11-15 12:48:08,error,workerenv,3,mod_jk child workerEnv in error state 3
2005-11-15 12:48:08,error,workerenv,2,mod_jk child workerEnv in error state 2
2005-11-15 18:15:51,error,workerenv,3,mod_jk child workerEnv in error state 3
2005-11-15 18:21:20,error,workerenv,3,mod_jk child workerEnv in error state 3
2005-11-15 18:21:20,error,workerenv,3,mod_jk child workerEnv in error state 3
2005-11-15 18:28:23,error,workerenv,4,mod_jk child workerEnv in error state 4
2005-11-15 18:28:23,error,workerenv,4,mod_jk child workerEnv in error state 4
2005-11-15 18:28:23,error,workerenv,4,mod_jk child workerEnv in error state 4
2005-11-15 18:28:23,error,workerenv,3,mod_jk child workerEnv in error state 3
2005-11-15 18:28:23,error,workerenv,4,mod_jk child workerEnv in error state 4
2005-11-15 20:09:47,error,workerenv,3,mod_jk child workerEnv in error state 3
2005-11-16 00:31:12,error,workerenv,3,mod_jk child workerEnv in error state 3
2005-11-16 00:31:12,error,workerenv,3,mod_jk child workerEnv in error state 3
2005-11-16 00:31:12,error,workerenv,3,mod_jk child workerEnv in error state 3
2005-11-16 00:31:12,error,workerenv,3,mod_jk child workerEnv in error state 3
2005-11-16 00:35:44,error,workerenv,3,mod_jk child workerEnv in error state 3
2005-11-16 00:42:57,error,workerenv,3,mod_jk child workerEnv in error state 3
2005-11-16 00:42:57,error,workerenv,5,mod_jk child workerEnv in error state 5
2005-11-16 00:42:58,error,workerenv,5,mod_jk child workerEnv in error state 5
2005-11-16 00:42:59,error,workerenv,4,mod_jk child workerEnv in error state 4
2005-11-16 00:43:01,error,workerenv,3,mod_jk child workerEnv in error state 3
2005-11-16 02:14:27,error,workerenv,3,mod_jk child workerEnv in error state 3
2005-11-16 05:03:13,error,workerenv,3,mod_jk child workerEnv in error state 3
2005-11-16 05:03:13,error,workerenv,4,mod_jk child workerEnv in error state 4
2005-11-16 05:03:13,error,workerenv,3,mod_jk child workerEnv in error state 3
2005-11-16 05:03:15,error,workerenv,3,mod_jk child workerEnv in error state 3
2005-11-16 05:03:17,error,workerenv,3,mod_jk child workerEnv in error state 3
2005-11-16 05:18:42,error,workerenv,3,mod_jk child workerEnv in error state 3
2005-11-16 12:02:02,error,workerenv,3,mod_jk child workerEnv in error state 3
2005-11-16 12:02:02,error,workerenv,3,mod_jk child workerEnv in error state 3
2005-11-16 12:02:03,error,workerenv,3,mod_jk child workerEnv in error state 3
2005-11-16 12:02:03,error,workerenv,3,mod_jk child workerEnv in error state 3
2005-11-16 12:02:04,error,workerenv,3,mod_jk child workerEnv in error state 3
2005-11-16 12:02:04,error,workerenv,3,mod_jk child workerEnv in error state 3
2005-11-16 12:02:04,error,workerenv,3,mod_jk child workerEnv in error state 3
2005-11-16 12:02:07,error,workerenv,2,mod_jk child workerEnv in error state 2
2005-11-16 12:02:08,error,workerenv,2,mod_jk child workerEnv in error state 2
2005-11-16 15:15:45,error,workerenv,3,mod_jk child workerEnv in error state 3
2005-11-16 15:21:32,error,workerenv,3,mod_jk child workerEnv in error state 3
2005-11-16 15:21:33,error,workerenv,3,mod_jk child workerEnv in error state 3
2005-11-16 15:26:01,error,workerenv,3,mod_jk child workerEnv in error state 3
2005-11-16 15:26:01,error,workerenv,3,mod_jk child workerEnv in error state 3
2005-11-16 15:26:01,error,workerenv,3,mod_jk child workerEnv in error state 3
2005-11-16 15:33:12,error,workerenv,3,mod_jk child workerEnv in error state 3
2005-11-16 15:33:12,error,workerenv,3,mod_jk child workerEnv in error state 3
2005-11-16 15:33:15,error,workerenv,3,mod_jk child workerEnv in error state 3
2005-11-16 15:33:15,error,workerenv,3,mod_jk child workerEnv in error state 3
2005-11-16 15:33:20,error,workerenv,3,mod_jk child workerEnv in error state 3
2005-11-16 16:03:49,error,workerenv,3,mod_jk child workerEnv in error state 3
2005-11-16 19:35:46,error,workerenv,3,mod_jk child workerEnv in error state 3
2005-11-16 19:35:46,error,workerenv,3,mod_jk child workerEnv in error state 3
2005-11-16 19:50:30,error,workerenv,3,mod_jk child workerEnv in error state 3
2005-11-16 20:00:30,error,workerenv,3,mod_jk child workerEnv in error state 3
2005-11-16 20:22:30,error,workerenv,4,mod_jk child workerEnv in error state 4
2005-11-16 20:22:30,error,workerenv,4,mod_jk child workerEnv in error state 4
2005-11-16 20:22:30,error,workerenv,4,mod_jk child workerEnv in error state 4
2005-11-16 20:22:31,error,workerenv,3,mod_jk child workerEnv in error state 3
2005-11-16 20:22:32,error,workerenv,4,mod_jk child workerEnv in error state 4
2005-11-16 20:49:19,error,workerenv,3,mod_jk child workerEnv in error state 3
2005-11-17 01:41:50,error,workerenv,3,mod_jk child workerEnv in error state 3
2005-11-17 01:41:51,error,workerenv,3,mod_jk child workerEnv in error state 3
2005-11-17 01:41:51,error,workerenv,3,mod_jk child workerEnv in error state 3
2005-11-17 04:13:08,error,workerenv,3,mod_jk child workerEnv in error state 3
2005-11-17 04:13:08,error,workerenv,3,mod_jk child workerEnv in error state 3
2005-11-17 04:13:08,error,workerenv,3,mod_jk child workerEnv in error state 3
2005-11-17 04:20:26,error,workerenv,3,mod_jk child workerEnv in error state 3
2005-11-17 05:07:56,error,workerenv,3,mod_jk child workerEnv in error state 3
2005-11-17 05:07:56,error,workerenv,4,mod_jk child workerEnv in error state 4
2005-11-17 05:07:56,error,workerenv,3,mod_jk child workerEnv in error state 3
2005-11-17 06:42:09,error,workerenv,3,mod_jk child workerEnv in error state 3
2005-11-17 08:40:47,error,workerenv,3,mod_jk child workerEnv in error state 3
2005-11-17 08:42:22,error,workerenv,3,mod_jk child workerEnv in error state 3
2005-11-17 08:45:44,error,workerenv,3,mod_jk child workerEnv in error state 3
2005-11-17 08:45:44,error,workerenv,3,mod_jk child workerEnv in error state 3
2005-11-17 08:47:00,error,workerenv,3,mod_jk child workerEnv in error state 3
2005-11-17 08:56:11,error,workerenv,3,mod_jk child workerEnv in error state 3
2005-11-17 08:56:11,error,workerenv,3,mod_jk child workerEnv in error state 3
2005-11-17 08:56:11,error,workerenv,3,mod_jk child workerEnv in error state 3
2005-11-17 09:00:56,error,workerenv,3,mod_jk child workerEnv in error state 3
2005-11-17 09:13:17,error,workerenv,4,mod_jk child workerEnv in error state 4
2005-11-17 09:13:17,error,workerenv,4,mod_jk child workerEnv in error state 4
2005-11-17 09:13:17,error,workerenv,4,mod_jk child workerEnv in error state 4
2005-11-17 09:13:17,error,workerenv,3,mod_jk child workerEnv in error state 3
2005-11-17 09:35:39,error,workerenv,3,mod_jk child workerEnv in error state 3
2005-11-17 09:37:28,error,workerenv,3,mod_jk child workerEnv in error state 3
2005-11-17 09:50:37,error,workerenv,3,mod_jk child workerEnv in error state 3
2005-11-17 09:50:37,error,workerenv,3,mod_jk child workerEnv in error state 3
2005-11-17 09:55:33,error,workerenv,3,mod_jk child workerEnv in error state 3
2005-11-17 09:55:33,error,workerenv,3,mod_jk child workerEnv in error state 3
2005-11-17 10:10:50,error,workerenv,3,mod_jk child workerEnv in error state 3
2005-11-17 10:10:50,error,workerenv,3,mod_jk child workerEnv in error state 3
2005-11-17 10:10:50,error,workerenv,3,mod_jk child workerEnv in error state 3
2005-11-17 10:16:05,error,workerenv,3,mod_jk child workerEnv in error state 3
2005-11-17 10:16:05,error,workerenv,3,mod_jk child workerEnv in error state 3
2005-11-17 10:21:35,error,workerenv,3,mod_jk child workerEnv in error state 3
2005-11-17 10:21:35,error,workerenv,3,mod_jk child workerEnv in error state 3
2005-11-17 10:21:39,error,workerenv,4,mod_jk child workerEnv in error state 4
2005-11-17 10:21:39,error,workerenv,3,mod_jk child workerEnv in error state 3
2005-11-17 10:28:22,error,workerenv,3,mod_jk child workerEnv in error state 3
2005-11-17 10:28:22,error,workerenv,4,mod_jk child workerEnv in error state 4
2005-11-17 10:28:22,error,workerenv,3,mod_jk child workerEnv in error state 3
2005-11-17 10:28:22,error,workerenv,3,mod_jk child workerEnv in error state 3
2005-11-17 10:28:22,error,workerenv,3,mod_jk child workerEnv in error state 3
2005-11-17 10:28:22,error,workerenv,3,mod_jk child workerEnv in error state 3
2005-11-17 12:31:06,error,workerenv,3,mod_jk child workerEnv in error state 3
2005-11-17 12:31:06,error,workerenv,3,mod_jk child workerEnv in error state 3
2005-11-17 12:31:07,error,workerenv,3,mod_jk child workerEnv in error state 3
2005-11-17 12:31:08,error,workerenv,3,mod_jk child workerEnv in error state 3
2005-11-17 12:31:08,error,workerenv,3,mod_jk child workerEnv in error state 3
2005-11-17 12:31:10,error,workerenv,2,mod_jk child workerEnv in error state 2
2005-11-17 12:31:10,error,workerenv,3,mod_jk child workerEnv in error state 3
2005-11-17 12:31:11,error,workerenv,2,mod_jk child workerEnv in error state 2
2005-11-17 12:31:11,error,workerenv,1,mod_jk child workerEnv in error state 1
2005-11-17 12:31:11,error,workerenv,1,mod_jk child workerEnv in error state 1
2005-11-17 12:31:11,error,workerenv,1,mod_jk child workerEnv in error state 1
2005-11-17 12:31:11,error,workerenv,1,mod_jk child workerEnv in error state 1
2005-11-17 12:31:11,error,workerenv,1,mod_jk child workerEnv in error state 1
2005-11-17 18:41:30,error,workerenv,3,mod_jk child workerEnv in error state 3
2005-11-17 18:41:30,error,workerenv,3,mod_jk child workerEnv in error state 3
2005-11-17 18:45:30,error,workerenv,3,mod_jk child workerEnv in error state 3
2005-11-17 18:50:48,error,workerenv,3,mod_jk child workerEnv in error state 3
2005-11-17 18:50:48,error,workerenv,3,mod_jk child workerEnv in error state 3
2005-11-17 18:56:13,error,workerenv,3,mod_jk child workerEnv in error state 3
2005-11-17 19:05:20,error,workerenv,3,mod_jk child workerEnv in error state 3
2005-11-17 19:10:53,error,workerenv,3,mod_jk child workerEnv in error state 3
2005-11-17 19:16:47,error,workerenv,3,mod_jk child workerEnv in error state 3
2005-11-17 19:16:57,error,workerenv,4,mod_jk child workerEnv in error state 4
2005-11-17 19:16:57,error,workerenv,4,mod_jk child workerEnv in error state 4
2005-11-17 19:22:43,error,workerenv,3,mod_jk child workerEnv in error state 3
2005-11-17 19:22:43,error,workerenv,3,mod_jk child workerEnv in error state 3
2005-11-17 19:22:43,error,workerenv,3,mod_jk child workerEnv in error state 3
2005-11-17 19:22:43,error,workerenv,3,mod_jk child workerEnv in error state 3
2005-11-17 19:22:43,error,workerenv,3,mod_jk child workerEnv in error state 3
2005-11-17 19:35:22,error,workerenv,4,mod_jk child workerEnv in error state 4
2005-11-17 21:35:37,error,workerenv,3,mod_jk child workerEnv in error state 3
2005-11-17 21:40:41,error,workerenv,3,mod_jk child workerEnv in error state 3
2005-11-17 21:40:41,error,workerenv,3,mod_jk child workerEnv in error state 3
2005-11-17 21:40:41,error,workerenv,3,mod_jk child workerEnv in error state 3
2005-11-17 21:40:41,error,workerenv,3,mod_jk child workerEnv in error state 3
2005-11-17 21:44:36,error,workerenv,3,mod_jk child workerEnv in error state 3
2005-11-17 21:44:37,error,workerenv,3,mod_jk child workerEnv in error state 3
2005-11-17 21:44:37,error,workerenv,3,mod_jk child workerEnv in error state 3
2005-11-17 21:44:38,error,workerenv,3,mod_jk child workerEnv in error state 3
2005-11-17 21:44:39,error,workerenv,3,mod_jk child workerEnv in error state 3
2005-11-17 21:44:39,error,workerenv,3,mod_jk child workerEnv in error state 3
2005-11-17 21:44:39,error,workerenv,3,mod_jk child workerEnv in error state 3
2005-11-17 21:44:40,error,workerenv,3,mod_jk child workerEnv in error state 3
2005-11-17 21:44:40,error,workerenv,3,mod_jk child workerEnv in error state 3
2005-11-17 21:44:40,error,workerenv,3,mod_jk child workerEnv in error state 3
2005-11-17 21:44:40,error,workerenv,3,mod_jk child workerEnv in error state 3
2005-11-17 21:45:40,error,workerenv,3,mod_jk child workerEnv in error state 3
2005-11-17 21:45:40,error,workerenv,3,mod_jk child workerEnv in error state 3
2005-11-17 21:45:40,error,workerenv,3,mod_jk child workerEnv in error state 3
2005-11-17 21:45:40,error,workerenv,3,mod_jk child workerEnv in error state 3
2005-11-17 21:45:40,error,workerenv,3,mod_jk child workerEnv in error state 3
2005-11-17 21:45:40,error,workerenv,3,mod_jk child workerEnv in error state 3
2005-11-17 21:45:40,error,workerenv,3,mod_jk child workerEnv in error state 3
2005-11-17 21:46:59,error,workerenv,3,mod_jk child workerEnv in error state 3
2005-11-17 21:46:59,error,workerenv,3,mod_jk child workerEnv in error state 3
2005-11-17 21:46:59,error,workerenv,3,mod_jk child workerEnv in error state 3
2005-11-17 21:46:59,error,workerenv,3,mod_jk child workerEnv in error state 3
2005-11-17 21:46:59,error,workerenv,3,mod_jk child workerEnv in error state 3
2005-11-17 21:46:59,error,workerenv,3,mod_jk child workerEnv in error state 3
2005-11-17 21:46:59,error,workerenv,3,mod_jk child workerEnv in error state 3
2005-11-18 09:20:36,error,workerenv,3,mod_jk child workerEnv in error state 3
2005-11-18 09:30:48,error,workerenv,3,mod_jk child workerEnv in error state 3
2005-11-18 09:36:07,error,workerenv,3,mod_jk child workerEnv in error state 3
2005-11-18 09:36:07,error,workerenv,3,mod_jk child workerEnv in error state 3
2005-11-18 09:36:07,error,workerenv,3,mod_jk child workerEnv in error state 3
2005-11-18 09:44:37,error,workerenv,5,mod_jk child workerEnv in error state 5
2005-11-18 09:44:37,error,workerenv,5,mod_jk child workerEnv in error state 5
2005-11-18 09:44:37,error,workerenv,4,mod_jk child workerEnv in error state 4
2005-11-18 09:44:37,error,workerenv,4,mod_jk child workerEnv in error state 4
2005-11-18 10:39:03,error,workerenv,3,mod_jk child workerEnv in error state 3
2005-11-18 14:25:38,error,workerenv,3,mod_jk child workerEnv in error state 3
2005-11-18 14:37:02,error,workerenv,3,mod_jk child workerEnv in error state 3
2005-11-18 14:37:03,error,workerenv,3,mod_jk child workerEnv in error state 3
2005-11-18 14:37:54,error,workerenv,5,mod_jk child workerEnv in error state 5
2005-11-18 14:37:54,error,workerenv,3,mod_jk child workerEnv in error state 3
2005-11-18 14:37:54,error,workerenv,3,mod_jk child workerEnv in error state 3
2005-11-18 14:37:54,error,workerenv,3,mod_jk child workerEnv in error state 3
2005-11-18 14:37:54,error,workerenv,4,mod_jk child workerEnv in error state 4
2005-11-18 15:30:52,error,workerenv,3,mod_jk child workerEnv in error state 3
2005-11-18 15:36:47,error,workerenv,4,mod_jk child workerEnv in error state 4
2005-11-18 15:36:47,error,workerenv,3,mod_jk child workerEnv in error state 3
2005-11-18 15:36:47,error,workerenv,4,mod_jk child workerEnv in error state 4
2005-11-18 15:36:47,error,workerenv,3,mod_jk child workerEnv in error state 3
2005-11-18 15:36:47,error,workerenv,3,mod_jk child workerEnv in error state 3
2005-11-18 15:43:54,error,workerenv,4,mod_jk child workerEnv in error state 4
2005-11-18 15:43:54,error,workerenv,5,mod_jk child workerEnv in error state 5
2005-11-18 15:43:54,error,workerenv,5,mod_jk child workerEnv in error state 5
2005-11-18 15:43:54,error,workerenv,3,mod_jk child workerEnv in error state 3
2005-11-18 15:43:54,error,workerenv,4,mod_jk child workerEnv in error state 4
2005-11-18 15:48:19,error,workerenv,3,mod_jk child workerEnv in error state 3
2005-11-18 19:36:37,error,workerenv,3,mod_jk child workerEnv in error state 3
2005-11-18 19:36:36,error,workerenv,3,mod_jk child workerEnv in error state 3
2005-11-18 19:36:36,error,workerenv,3,mod_jk child workerEnv in error state 3
2005-11-18 19:36:44,error,workerenv,4,mod_jk child workerEnv in error state 4
2005-11-18 19:36:44,error,workerenv,3,mod_jk child workerEnv in error state 3
2005-11-18 19:40:30,error,workerenv,3,mod_jk child workerEnv in error state 3
2005-11-18 19:45:40,error,workerenv,3,mod_jk child workerEnv in error state 3
2005-11-18 19:51:44,error,workerenv,3,mod_jk child workerEnv in error state 3
2005-11-18 19:51:47,error,workerenv,4,mod_jk child workerEnv in error state 4
2005-11-18 19:51:47,error,workerenv,4,mod_jk child workerEnv in error state 4
2005-11-18 19:51:47,error,workerenv,4,mod_jk child workerEnv in error state 4
2005-11-18 19:51:47,error,workerenv,4,mod_jk child workerEnv in error state 4
2005-11-18 19:55:48,error,workerenv,3,mod_jk child workerEnv in error state 3
2005-11-18 19:55:48,error,workerenv,3,mod_jk child workerEnv in error state 3
2005-11-18 19:55:48,error,workerenv,3,mod_jk child workerEnv in error state 3
2005-11-18 19:57:14,error,workerenv,3,mod_jk child workerEnv in error state 3
2005-11-18 20:01:04,error,workerenv,3,mod_jk child workerEnv in error state 3
2005-11-18 20:01:04,error,workerenv,3,mod_jk child workerEnv in error state 3
2005-11-18 20:11:26,error,workerenv,4,mod_jk child workerEnv in error state 4
2005-11-18 20:11:26,error,workerenv,3,mod_jk child workerEnv in error state 3
2005-11-18 20:11:26,error,workerenv,3,mod_jk child workerEnv in error state 3
2005-11-18 20:11:26,error,workerenv,3,mod_jk child workerEnv in error state 3
2005-11-18 20:11:26,error,workerenv,3,mod_jk child workerEnv in error state 3
2005-11-18 20:17:36,error,workerenv,5,mod_jk child workerEnv in error state 5
2005-11-18 20:17:36,error,workerenv,4,mod_jk child workerEnv in error state 4
2005-11-18 20:17:36,error,workerenv,3,mod_jk child workerEnv in error state 3
2005-11-18 20:17:36,error,workerenv,4,mod_jk child workerEnv in error state 4
2005-11-18 20:17:36,error,workerenv,5,mod_jk child workerEnv in error state 5
2005-11-18 20:34:45,error,workerenv,3,mod_jk child workerEnv in error state 3
2005-11-18 20:43:55,error,workerenv,3,mod_jk child workerEnv in error state 3
2005-11-18 20:43:59,error,workerenv,5,mod_jk child workerEnv in error state 5
2005-11-18 20:43:59,error,workerenv,5,mod_jk child workerEnv in error state 5
2005-11-18 20:43:59,error,workerenv,5,mod_jk child workerEnv in error state 5
2005-11-18 20:44:01,error,workerenv,5,mod_jk child workerEnv in error state 5
2005-11-18 21:17:41,error,workerenv,3,mod_jk child workerEnv in error state 3
2005-11-18 23:36:15,error,workerenv,3,mod_jk child workerEnv in error state 3
2005-11-18 23:36:15,error,workerenv,3,mod_jk child workerEnv in error state 3
2005-11-18 23:36:15,error,workerenv,3,mod_jk child workerEnv in error state 3
2005-11-18 23:40:38,error,workerenv,3,mod_jk child workerEnv in error state 3
2005-11-18 23:40:38,error,workerenv,3,mod_jk child workerEnv in error state 3
2005-11-18 23:46:05,error,workerenv,3,mod_jk child workerEnv in error state 3
2005-11-18 23:46:26,error,workerenv,3,mod_jk child workerEnv in error state 3
2005-11-18 23:46:54,error,workerenv,3,mod_jk child workerEnv in error state 3
2005-11-18 23:46:54,error,workerenv,3,mod_jk child workerEnv in error state 3
2005-11-18 23:46:54,error,workerenv,4,mod_jk child workerEnv in error state 4
2005-11-18 23:46:54,error,workerenv,4,mod_jk child workerEnv in error state 4
2005-11-18 23:46:57,error,workerenv,3,mod_jk child workerEnv in error state 3
2005-11-18 23:50:30,error,workerenv,3,mod_jk child workerEnv in error state 3
2005-11-18 23:55:48,error,workerenv,3,mod_jk child workerEnv in error state 3
2005-11-18 23:55:48,error,workerenv,3,mod_jk child workerEnv in error state 3
2005-11-19 00:00:52,error,workerenv,3,mod_jk child workerEnv in error state 3
2005-11-19 00:11:03,error,workerenv,3,mod_jk child workerEnv in error state 3
2005-11-19 00:11:03,error,workerenv,3,mod_jk child workerEnv in error state 3
2005-11-19 00:16:41,error,workerenv,3,mod_jk child workerEnv in error state 3
2005-11-19 00:17:04,error,workerenv,3,mod_jk child workerEnv in error state 3
2005-11-19 00:17:04,error,workerenv,3,mod_jk child workerEnv in error state 3
2005-11-19 00:18:13,error,workerenv,4,mod_jk child workerEnv in error state 4
2005-11-19 00:18:26,error,workerenv,4,mod_jk child workerEnv in error state 4
2005-11-19 00:18:26,error,workerenv,4,mod_jk child workerEnv in error state 4
2005-11-19 00:18:26,error,workerenv,3,mod_jk child workerEnv in error state 3
2005-11-19 00:18:26,error,workerenv,3,mod_jk child workerEnv in error state 3
2005-11-19 00:40:31,error,workerenv,3,mod_jk child workerEnv in error state 3
2005-11-19 00:40:31,error,workerenv,3,mod_jk child workerEnv in error state 3
2005-11-19 00:55:59,error,workerenv,3,mod_jk child workerEnv in error state 3
2005-11-19 00:55:59,error,workerenv,3,mod_jk child workerEnv in error state 3
2005-11-19 00:55:59,error,workerenv,3,mod_jk child workerEnv in error state 3
2005-11-19 00:55:59,error,workerenv,3,mod_jk child workerEnv in error state 3
2005-11-19 01:00:33,error,workerenv,3,mod_jk child workerEnv in error state 3
2005-11-19 01:06:09,error,workerenv,3,mod_jk child workerEnv in error state 3
2005-11-19 01:06:09,error,workerenv,3,mod_jk child workerEnv in error state 3
2005-11-19 01:06:09,error,workerenv,3,mod_jk child workerEnv in error state 3
2005-11-19 01:06:09,error,workerenv,3,mod_jk child workerEnv in error state 3
2005-11-19 01:06:09,error,workerenv,3,mod_jk child workerEnv in error state 3
2005-11-19 01:12:55,error,workerenv,4,mod_jk child workerEnv in error state 4
2005-11-19 01:12:55,error,workerenv,4,mod_jk child workerEnv in error state 4
2005-11-19 01:12:55,error,workerenv,4,mod_jk child workerEnv in error state 4
2005-11-19 01:12:55,error,workerenv,3,mod_jk child workerEnv in error state 3
2005-11-19 01:12:55,error,workerenv,4,mod_jk child workerEnv in error state 4
2005-11-19 01:24:07,error,workerenv,4,mod_jk child workerEnv in error state 4
2005-11-19 01:51:15,error,workerenv,3,mod_jk child workerEnv in error state 3
2005-11-19 01:51:15,error,workerenv,3,mod_jk child workerEnv in error state 3
2005-11-19 02:09:28,error,workerenv,3,mod_jk child workerEnv in error state 3
2005-11-19 02:11:09,error,workerenv,3,mod_jk child workerEnv in error state 3
2005-11-19 02:11:09,error,workerenv,3,mod_jk child workerEnv in error state 3
2005-11-19 02:11:09,error,workerenv,3,mod_jk child workerEnv in error state 3
2005-11-19 02:16:16,error,workerenv,3,mod_jk child workerEnv in error state 3
2005-11-19 02:16:16,error,workerenv,3,mod_jk child workerEnv in error state 3
2005-11-19 02:18:02,error,workerenv,3,mod_jk child workerEnv in error state 3
2005-11-19 02:18:02,error,workerenv,3,mod_jk child workerEnv in error state 3
2005-11-19 02:18:02,error,workerenv,3,mod_jk child workerEnv in error state 3
2005-11-19 02:18:02,error,workerenv,4,mod_jk child workerEnv in error state 4
2005-11-19 02:18:02,error,workerenv,3,mod_jk child workerEnv in error state 3
2005-11-19 03:04:25,error,workerenv,3,mod_jk child workerEnv in error state 3
2005-11-19 03:30:13,error,workerenv,3,mod_jk child workerEnv in error state 3
2005-11-19 03:30:14,error,workerenv,3,mod_jk child workerEnv in error state 3
2005-11-19 03:30:14,error,workerenv,3,mod_jk child workerEnv in error state 3
2005-11-19 03:30:17,error,workerenv,3,mod_jk child workerEnv in error state 3
2005-11-19 03:30:21,error,workerenv,3,mod_jk child workerEnv in error state 3
2005-11-19 03:30:21,error,workerenv,3,mod_jk child workerEnv in error state 3
2005-11-19 03:30:25,error,workerenv,3,mod_jk child workerEnv in error state 3
2005-11-19 10:40:55,error,workerenv,3,mod_jk child workerEnv in error state 3
2005-11-19 10:45:39,error,workerenv,3,mod_jk child workerEnv in error state 3
2005-11-19 10:45:39,error,workerenv,3,mod_jk child workerEnv in error state 3
2005-11-19 10:48:00,error,workerenv,3,mod_jk child workerEnv in error state 3
2005-11-19 10:50:35,error,workerenv,3,mod_jk child workerEnv in error state 3
2005-11-19 10:52:07,error,workerenv,3,mod_jk child workerEnv in error state 3
2005-11-19 10:55:37,error,workerenv,3,mod_jk child workerEnv in error state 3
2005-11-19 11:00:29,error,workerenv,3,mod_jk child workerEnv in error state 3
2005-11-19 11:05:55,error,workerenv,3,mod_jk child workerEnv in error state 3
2005-11-19 11:05:55,error,workerenv,3,mod_jk child workerEnv in error state 3
2005-11-19 11:05:55,error,workerenv,3,mod_jk child workerEnv in error state 3
2005-11-19 11:11:07,error,workerenv,3,mod_jk child workerEnv in error state 3
2005-11-19 11:11:07,error,workerenv,3,mod_jk child workerEnv in error state 3
2005-11-19 11:11:07,error,workerenv,3,mod_jk child workerEnv in error state 3
2005-11-19 11:19:15,error,workerenv,3,mod_jk child workerEnv in error state 3
2005-11-19 11:19:15,error,workerenv,3,mod_jk child workerEnv in error state 3
2005-11-19 11:19:15,error,workerenv,4,mod_jk child workerEnv in error state 4
2005-11-19 11:19:15,error,workerenv,3,mod_jk child workerEnv in error state 3
2005-11-19 11:19:15,error,workerenv,3,mod_jk child workerEnv in error state 3
2005-11-19 11:20:46,error,workerenv,3,mod_jk child workerEnv in error state 3
2005-11-19 11:26:16,error,workerenv,3,mod_jk child workerEnv in error state 3
2005-11-19 11:26:16,error,workerenv,3,mod_jk child workerEnv in error state 3
2005-11-19 11:30:53,error,workerenv,4,mod_jk child workerEnv in error state 4
2005-11-19 11:30:53,error,workerenv,5,mod_jk child workerEnv in error state 5
2005-11-19 11:30:53,error,workerenv,5,mod_jk child workerEnv in error state 5
2005-11-19 11:30:58,error,workerenv,4,mod_jk child workerEnv in error state 4
2005-11-19 11:30:58,error,workerenv,3,mod_jk child workerEnv in error state 3
2005-11-19 12:21:35,error,workerenv,3,mod_jk child workerEnv in error state 3
2005-11-19 15:45:26,error,workerenv,3,mod_jk child workerEnv in error state 3
2005-11-19 16:10:51,error,workerenv,3,mod_jk child workerEnv in error state 3
2005-11-19 16:15:53,error,workerenv,3,mod_jk child workerEnv in error state 3
2005-11-19 16:15:53,error,workerenv,3,mod_jk child workerEnv in error state 3
2005-11-19 16:21:00,error,workerenv,3,mod_jk child workerEnv in error state 3
2005-11-19 16:21:00,error,workerenv,3,mod_jk child workerEnv in error state 3
2005-11-19 16:27:46,error,workerenv,3,mod_jk child workerEnv in error state 3
2005-11-19 16:27:46,error,workerenv,4,mod_jk child workerEnv in error state 4
2005-11-19 16:27:46,error,workerenv,3,mod_jk child workerEnv in error state 3
2005-11-19 16:27:46,error,workerenv,4,mod_jk child workerEnv in error state 4
2005-11-19 16:27:46,error,workerenv,3,mod_jk child workerEnv in error state 3
2005-11-19 16:31:44,error,workerenv,3,mod_jk child workerEnv in error state 3
2005-11-19 16:31:44,error,workerenv,4,mod_jk child workerEnv in error state 4
2005-11-19 16:31:44,error,workerenv,3,mod_jk child workerEnv in error state 3
2005-11-19 16:31:44,error,workerenv,3,mod_jk child workerEnv in error state 3
2005-11-19 16:31:44,error,workerenv,3,mod_jk child workerEnv in error state 3
2005-11-19 16:45:27,error,workerenv,3,mod_jk child workerEnv in error state 3
2005-11-19 16:50:31,error,workerenv,3,mod_jk child workerEnv in error state 3
2005-11-19 16:59:53,error,workerenv,3,mod_jk child workerEnv in error state 3
2005-11-19 17:10:56,error,workerenv,3,mod_jk child workerEnv in error state 3
2005-11-19 17:10:56,error,workerenv,3,mod_jk child workerEnv in error state 3
2005-11-19 17:10:56,error,workerenv,3,mod_jk child workerEnv in error state 3
2005-11-19 17:16:47,error,workerenv,3,mod_jk child workerEnv in error state 3
2005-11-19 17:17:08,error,workerenv,3,mod_jk child workerEnv in error state 3
2005-11-19 17:17:08,error,workerenv,4,mod_jk child workerEnv in error state 4
2005-11-19 17:17:08,error,workerenv,3,mod_jk child workerEnv in error state 3
2005-11-19 17:17:08,error,workerenv,3,mod_jk child workerEnv in error state 3
2005-11-19 17:21:00,error,workerenv,3,mod_jk child workerEnv in error state 3
2005-11-19 17:21:00,error,workerenv,3,mod_jk child workerEnv in error state 3
2005-11-19 17:21:00,error,workerenv,3,mod_jk child workerEnv in error state 3
2005-11-19 17:27:51,error,workerenv,4,mod_jk child workerEnv in error state 4
2005-11-19 17:27:57,error,workerenv,4,mod_jk child workerEnv in error state 4
2005-11-19 17:27:57,error,workerenv,3,mod_jk child workerEnv in error state 3
2005-11-19 17:27:57,error,workerenv,4,mod_jk child workerEnv in error state 4
2005-11-19 17:27:57,error,workerenv,3,mod_jk child workerEnv in error state 3
2005-11-19 17:27:57,error,workerenv,4,mod_jk child workerEnv in error state 4
2005-11-19 19:15:09,error,workerenv,3,mod_jk child workerEnv in error state 3
2005-11-19 19:15:09,error,workerenv,3,mod_jk child workerEnv in error state 3
2005-11-19 19:15:09,error,workerenv,3,mod_jk child workerEnv in error state 3
2005-11-19 19:18:25,error,workerenv,3,mod_jk child workerEnv in error state 3
2005-11-19 19:18:25,error,workerenv,3,mod_jk child workerEnv in error state 3
2005-11-19 19:18:25,error,workerenv,3,mod_jk child workerEnv in error state 3
2005-11-19 19:18:25,error,workerenv,3,mod_jk child workerEnv in error state 3
2005-11-19 19:18:25,error,workerenv,3,mod_jk child workerEnv in error state 3
2005-11-19 19:18:25,error,workerenv,3,mod_jk child workerEnv in error state 3
2005-11-19 19:18:25,error,workerenv,3,mod_jk child workerEnv in error state 3
2005-11-19 19:18:28,error,workerenv,3,mod_jk child workerEnv in error state 3
2005-11-19 19:41:01,error,workerenv,3,mod_jk child workerEnv in error state 3
2005-11-19 19:41:01,error,workerenv,3,mod_jk child workerEnv in error state 3
2005-11-19 19:45:35,error,workerenv,3,mod_jk child workerEnv in error state 3
2005-11-19 19:45:35,error,workerenv,3,mod_jk child workerEnv in error state 3
2005-11-19 19:50:36,error,workerenv,3,mod_jk child workerEnv in error state 3
2005-11-19 19:50:43,error,workerenv,3,mod_jk child workerEnv in error state 3
2005-11-19 19:55:37,error,workerenv,3,mod_jk child workerEnv in error state 3
2005-11-19 19:55:37,error,workerenv,3,mod_jk child workerEnv in error state 3
2005-11-19 20:00:32,error,workerenv,3,mod_jk child workerEnv in error state 3
2005-11-19 20:05:28,error,workerenv,3,mod_jk child workerEnv in error state 3
2005-11-19 20:11:23,error,workerenv,3,mod_jk child workerEnv in error state 3
2005-11-19 20:11:23,error,workerenv,3,mod_jk child workerEnv in error state 3
2005-11-19 20:11:23,error,workerenv,3,mod_jk child workerEnv in error state 3
2005-11-19 20:11:50,error,workerenv,3,mod_jk child workerEnv in error state 3
2005-11-19 20:11:50,error,workerenv,3,mod_jk child workerEnv in error state 3
2005-11-19 20:11:50,error,workerenv,3,mod_jk child workerEnv in error state 3
2005-11-19 20:11:50,error,workerenv,3,mod_jk child workerEnv in error state 3
2005-11-19 20:21:02,error,workerenv,3,mod_jk child workerEnv in error state 3
2005-11-19 20:21:02,error,workerenv,3,mod_jk child workerEnv in error state 3
2005-11-19 20:21:02,error,workerenv,3,mod_jk child workerEnv in error state 3
2005-11-19 20:31:24,error,workerenv,3,mod_jk child workerEnv in error state 3
2005-11-19 20:31:24,error,workerenv,5,mod_jk child workerEnv in error state 5
2005-11-19 20:31:24,error,workerenv,3,mod_jk child workerEnv in error state 3
2005-11-19 20:31:24,error,workerenv,3,mod_jk child workerEnv in error state 3
2005-11-19 20:31:24,error,workerenv,4,mod_jk child workerEnv in error state 4
2005-11-19 21:30:38,error,workerenv,3,mod_jk child workerEnv in error state 3
2005-11-19 21:31:48,error,workerenv,5,mod_jk child workerEnv in error state 5
2005-11-19 21:40:27,error,workerenv,3,mod_jk child workerEnv in error state 3
2005-11-19 21:45:22,error,workerenv,3,mod_jk child workerEnv in error state 3
2005-11-19 21:50:27,error,workerenv,3,mod_jk child workerEnv in error state 3
2005-11-19 21:55:49,error,workerenv,3,mod_jk child workerEnv in error state 3
2005-11-19 21:55:49,error,workerenv,3,mod_jk child workerEnv in error state 3
2005-11-19 22:00:34,error,workerenv,3,mod_jk child workerEnv in error state 3
2005-11-19 22:15:57,error,workerenv,3,mod_jk child workerEnv in error state 3
2005-11-19 22:15:57,error,workerenv,3,mod_jk child workerEnv in error state 3
2005-11-19 22:15:57,error,workerenv,3,mod_jk child workerEnv in error state 3
2005-11-19 22:21:15,error,workerenv,3,mod_jk child workerEnv in error state 3
2005-11-19 22:21:15,error,workerenv,3,mod_jk child workerEnv in error state 3
2005-11-19 22:21:16,error,workerenv,3,mod_jk child workerEnv in error state 3
2005-11-19 22:21:16,error,workerenv,3,mod_jk child workerEnv in error state 3
2005-11-19 22:21:16,error,workerenv,3,mod_jk child workerEnv in error state 3
2005-11-19 22:28:01,error,workerenv,4,mod_jk child workerEnv in error state 4
2005-11-19 22:28:01,error,workerenv,4,mod_jk child workerEnv in error state 4
2005-11-19 22:28:01,error,workerenv,4,mod_jk child workerEnv in error state 4
2005-11-19 22:28:01,error,workerenv,4,mod_jk child workerEnv in error state 4
2005-11-19 22:28:01,error,workerenv,4,mod_jk child workerEnv in error state 4
2005-11-19 22:40:42,error,workerenv,3,mod_jk child workerEnv in error state 3
2005-11-19 22:40:42,error,workerenv,3,mod_jk child workerEnv in error state 3
2005-11-19 22:50:21,error,workerenv,3,mod_jk child workerEnv in error state 3
2005-11-19 23:07:30,error,workerenv,3,mod_jk child workerEnv in error state 3
2005-11-19 23:11:29,error,workerenv,3,mod_jk child workerEnv in error state 3
2005-11-19 23:11:29,error,workerenv,3,mod_jk child workerEnv in error state 3
2005-11-19 23:11:33,error,workerenv,3,mod_jk child workerEnv in error state 3
2005-11-19 23:11:33,error,workerenv,3,mod_jk child workerEnv in error state 3
2005-11-19 23:11:39,error,workerenv,3,mod_jk child workerEnv in error state 3
2005-11-19 23:22:45,error,workerenv,5,mod_jk child workerEnv in error state 5
2005-11-19 23:22:45,error,workerenv,5,mod_jk child workerEnv in error state 5
2005-11-19 23:22:45,error,workerenv,3,mod_jk child workerEnv in error state 3
2005-11-19 23:22:45,error,workerenv,3,mod_jk child workerEnv in error state 3
2005-11-19 23:22:45,error,workerenv,3,mod_jk child workerEnv in error state 3
2005-11-19 23:45:21,error,workerenv,3,mod_jk child workerEnv in error state 3
2005-11-20 00:06:48,error,workerenv,3,mod_jk child workerEnv in error state 3
2005-11-20 00:15:41,error,workerenv,3,mod_jk child workerEnv in error state 3
2005-11-20 00:23:57,error,workerenv,4,mod_jk child workerEnv in error state 4
2005-11-20 00:23:57,error,workerenv,6,mod_jk child workerEnv in error state 6
2005-11-20 00:23:57,error,workerenv,4,mod_jk child workerEnv in error state 4
2005-11-20 00:23:57,error,workerenv,5,mod_jk child workerEnv in error state 5
2005-11-20 00:23:57,error,workerenv,3,mod_jk child workerEnv in error state 3
2005-11-20 00:30:21,error,workerenv,3,mod_jk child workerEnv in error state 3
2005-11-20 00:59:04,error,workerenv,3,mod_jk child workerEnv in error state 3
2005-11-20 01:16:07,error,workerenv,3,mod_jk child workerEnv in error state 3
2005-11-20 01:16:07,error,workerenv,3,mod_jk child workerEnv in error state 3
2005-11-20 01:16:07,error,workerenv,3,mod_jk child workerEnv in error state 3
2005-11-20 01:21:46,error,workerenv,3,mod_jk child workerEnv in error state 3
2005-11-20 01:21:46,error,workerenv,3,mod_jk child workerEnv in error state 3
2005-11-20 01:22:06,error,workerenv,4,mod_jk child workerEnv in error state 4
2005-11-20 01:22:06,error,workerenv,3,mod_jk child workerEnv in error state 3
2005-11-20 01:22:06,error,workerenv,3,mod_jk child workerEnv in error state 3
2005-11-20 01:22:06,error,workerenv,4,mod_jk child workerEnv in error state 4
2005-11-20 01:22:06,error,workerenv,4,mod_jk child workerEnv in error state 4
2005-11-20 01:26:31,error,workerenv,3,mod_jk child workerEnv in error state 3
2005-11-20 01:26:31,error,workerenv,3,mod_jk child workerEnv in error state 3
2005-11-20 01:26:36,error,workerenv,3,mod_jk child workerEnv in error state 3
2005-11-20 01:26:36,error,workerenv,3,mod_jk child workerEnv in error state 3
2005-11-20 01:26:36,error,workerenv,4,mod_jk child workerEnv in error state 4
2005-11-20 01:32:21,error,workerenv,4,mod_jk child workerEnv in error state 4
2005-11-20 01:32:21,error,workerenv,3,mod_jk child workerEnv in error state 3
2005-11-20 01:32:21,error,workerenv,3,mod_jk child workerEnv in error state 3
2005-11-20 01:32:21,error,workerenv,3,mod_jk child workerEnv in error state 3
2005-11-20 01:32:21,error,workerenv,3,mod_jk child workerEnv in error state 3
2005-11-20 01:34:48,error,workerenv,3,mod_jk child workerEnv in error state 3
2005-11-20 01:37:24,error,workerenv,4,mod_jk child workerEnv in error state 4
2005-11-20 01:37:24,error,workerenv,3,mod_jk child workerEnv in error state 3
2005-11-20 01:37:24,error,workerenv,5,mod_jk child workerEnv in error state 5
2005-11-20 01:37:24,error,workerenv,4,mod_jk child workerEnv in error state 4
2005-11-20 01:37:24,error,workerenv,3,mod_jk child workerEnv in error state 3
2005-11-20 01:43:03,error,workerenv,3,mod_jk child workerEnv in error state 3
2005-11-20 01:43:03,error,workerenv,3,mod_jk child workerEnv in error state 3
2005-11-20 01:43:03,error,workerenv,4,mod_jk child workerEnv in error state 4
2005-11-20 01:43:03,error,workerenv,4,mod_jk child workerEnv in error state 4
2005-11-20 01:43:03,error,workerenv,4,mod_jk child workerEnv in error state 4
2005-11-20 01:47:02,error,workerenv,3,mod_jk child workerEnv in error state 3
2005-11-20 03:00:23,error,workerenv,3,mod_jk child workerEnv in error state 3
2005-11-20 03:10:47,error,workerenv,3,mod_jk child workerEnv in error state 3
2005-11-20 03:10:47,error,workerenv,3,mod_jk child workerEnv in error state 3
2005-11-20 03:10:47,error,workerenv,3,mod_jk child workerEnv in error state 3
2005-11-20 03:20:51,error,workerenv,3,mod_jk child workerEnv in error state 3
2005-11-20 03:20:51,error,workerenv,3,mod_jk child workerEnv in error state 3
2005-11-20 03:26:28,error,workerenv,3,mod_jk child workerEnv in error state 3
2005-11-20 03:26:54,error,workerenv,3,mod_jk child workerEnv in error state 3
2005-11-20 03:28:38,error,workerenv,4,mod_jk child workerEnv in error state 4
2005-11-20 03:28:58,error,workerenv,4,mod_jk child workerEnv in error state 4
2005-11-20 03:28:58,error,workerenv,3,mod_jk child workerEnv in error state 3
2005-11-20 03:28:58,error,workerenv,4,mod_jk child workerEnv in error state 4
2005-11-20 03:29:31,error,workerenv,4,mod_jk child workerEnv in error state 4
2005-11-20 03:30:46,error,workerenv,3,mod_jk child workerEnv in error state 3
2005-11-20 03:31:32,error,workerenv,3,mod_jk child workerEnv in error state 3
2005-11-20 03:31:32,error,workerenv,3,mod_jk child workerEnv in error state 3
2005-11-20 03:31:32,error,workerenv,3,mod_jk child workerEnv in error state 3
2005-11-20 03:31:32,error,workerenv,3,mod_jk child workerEnv in error state 3
2005-11-20 03:38:59,error,workerenv,4,mod_jk child workerEnv in error state 4
2005-11-20 03:38:59,error,workerenv,4,mod_jk child workerEnv in error state 4
2005-11-20 03:39:04,error,workerenv,5,mod_jk child workerEnv in error state 5
2005-11-20 03:39:04,error,workerenv,4,mod_jk child workerEnv in error state 4
2005-11-20 03:39:04,error,workerenv,5,mod_jk child workerEnv in error state 5
2005-11-20 04:10:44,error,workerenv,3,mod_jk child workerEnv in error state 3
2005-11-20 04:10:44,error,workerenv,3,mod_jk child workerEnv in error state 3
2005-11-20 04:10:44,error,workerenv,3,mod_jk child workerEnv in error state 3
2005-11-20 04:10:44,error,workerenv,3,mod_jk child workerEnv in error state 3
2005-11-20 04:10:44,error,workerenv,3,mod_jk child workerEnv in error state 3
2005-11-20 04:10:45,error,workerenv,3,mod_jk child workerEnv in error state 3
2005-11-20 04:10:45,error,workerenv,3,mod_jk child workerEnv in error state 3
2005-11-20 04:10:45,error,workerenv,3,mod_jk child workerEnv in error state 3
2005-11-20 05:16:29,error,workerenv,4,mod_jk child workerEnv in error state 4
2005-11-20 05:16:29,error,workerenv,4,mod_jk child workerEnv in error state 4
2005-11-20 05:17:19,error,workerenv,4,mod_jk child workerEnv in error state 4
2005-11-20 05:17:53,error,workerenv,5,mod_jk child workerEnv in error state 5
2005-11-20 05:17:53,error,workerenv,4,mod_jk child workerEnv in error state 4
2005-11-20 05:17:53,error,workerenv,5,mod_jk child workerEnv in error state 5
2005-11-20 05:17:54,error,workerenv,6,mod_jk child workerEnv in error state 6
2005-11-20 05:17:54,error,workerenv,5,mod_jk child workerEnv in error state 5
2005-11-20 05:35:49,error,workerenv,4,mod_jk child workerEnv in error state 4
2005-11-20 05:35:49,error,workerenv,4,mod_jk child workerEnv in error state 4
2005-11-20 05:38:39,error,workerenv,4,mod_jk child workerEnv in error state 4
2005-11-20 05:41:40,error,workerenv,4,mod_jk child workerEnv in error state 4
2005-11-20 05:42:20,error,workerenv,5,mod_jk child workerEnv in error state 5
2005-11-20 05:42:35,error,workerenv,4,mod_jk child workerEnv in error state 4
2005-11-20 05:42:58,error,workerenv,4,mod_jk child workerEnv in error state 4
2005-11-20 05:42:58,error,workerenv,5,mod_jk child workerEnv in error state 5
2005-11-20 05:42:59,error,workerenv,5,mod_jk child workerEnv in error state 5
2005-11-20 05:45:55,error,workerenv,5,mod_jk child workerEnv in error state 5
2005-11-20 05:45:55,error,workerenv,5,mod_jk child workerEnv in error state 5
2005-11-20 05:45:55,error,workerenv,7,mod_jk child workerEnv in error state 7
2005-11-20 05:46:01,error,workerenv,8,mod_jk child workerEnv in error state 8
2005-11-20 05:46:01,error,workerenv,6,mod_jk child workerEnv in error state 6
2005-11-20 05:56:09,error,workerenv,4,mod_jk child workerEnv in error state 4
2005-11-20 05:56:08,error,workerenv,4,mod_jk child workerEnv in error state 4
2005-11-20 05:56:26,error,workerenv,4,mod_jk child workerEnv in error state 4
2005-11-20 05:56:26,error,workerenv,4,mod_jk child workerEnv in error state 4
2005-11-20 06:03:53,error,workerenv,5,mod_jk child workerEnv in error state 5
2005-11-20 06:03:53,error,workerenv,6,mod_jk child workerEnv in error state 6
2005-11-20 06:05:05,error,workerenv,6,mod_jk child workerEnv in error state 6
2005-11-20 06:05:05,error,workerenv,4,mod_jk child workerEnv in error state 4
2005-11-20 06:05:13,error,workerenv,4,mod_jk child workerEnv in error state 4
2005-11-20 06:05:13,error,workerenv,6,mod_jk child workerEnv in error state 6
2005-11-20 06:05:13,error,workerenv,5,mod_jk child workerEnv in error state 5
2005-11-20 08:08:35,error,workerenv,4,mod_jk child workerEnv in error state 4
2005-11-20 08:25:24,error,workerenv,4,mod_jk child workerEnv in error state 4
2005-11-20 11:25:39,error,workerenv,4,mod_jk child workerEnv in error state 4
2005-11-20 11:28:07,error,workerenv,4,mod_jk child workerEnv in error state 4
2005-11-20 11:31:24,error,workerenv,4,mod_jk child workerEnv in error state 4
2005-11-20 11:31:24,error,workerenv,4,mod_jk child workerEnv in error state 4
2005-11-20 11:39:01,error,workerenv,5,mod_jk child workerEnv in error state 5
2005-11-20 11:39:01,error,workerenv,6,mod_jk child workerEnv in error state 6
2005-11-20 11:39:01,error,workerenv,5,mod_jk child workerEnv in error state 5
2005-11-20 11:39:01,error,workerenv,6,mod_jk child workerEnv in error state 6
2005-11-20 11:39:01,error,workerenv,4,mod_jk child workerEnv in error state 4
2005-11-20 12:26:09,error,workerenv,4,mod_jk child workerEnv in error state 4
2005-11-20 12:26:09,error,workerenv,4,mod_jk child workerEnv in error state 4
2005-11-20 12:31:10,error,workerenv,4,mod_jk child workerEnv in error state 4
2005-11-20 12:31:10,error,workerenv,4,mod_jk child workerEnv in error state 4
2005-11-20 12:31:10,error,workerenv,4,mod_jk child workerEnv in error state 4
2005-11-20 12:31:10,error,workerenv,4,mod_jk child workerEnv in error state 4
2005-11-20 12:36:41,error,workerenv,4,mod_jk child workerEnv in error state 4
2005-11-20 12:36:41,error,workerenv,4,mod_jk child workerEnv in error state 4
2005-11-20 12:39:34,error,workerenv,6,mod_jk child workerEnv in error state 6
2005-11-20 12:39:34,error,workerenv,5,mod_jk child workerEnv in error state 5
2005-11-20 12:39:34,error,workerenv,5,mod_jk child workerEnv in error state 5
2005-11-20 12:39:34,error,workerenv,6,mod_jk child workerEnv in error state 6
2005-11-20 12:39:34,error,workerenv,6,mod_jk child workerEnv in error state 6
2005-11-20 12:41:13,error,workerenv,4,mod_jk child workerEnv in error state 4
2005-11-20 12:41:13,error,workerenv,4,mod_jk child workerEnv in error state 4
2005-11-20 12:41:13,error,workerenv,4,mod_jk child workerEnv in error state 4
2005-11-20 12:41:13,error,workerenv,4,mod_jk child workerEnv in error state 4
2005-11-20 12:41:13,error,workerenv,4,mod_jk child workerEnv in error state 4
2005-11-20 12:41:13,error,workerenv,4,mod_jk child workerEnv in error state 4
2005-11-20 12:41:13,error,workerenv,4,mod_jk child workerEnv in error state 4
2005-11-20 12:41:13,error,workerenv,4,mod_jk child workerEnv in error state 4
2005-11-20 12:47:05,error,workerenv,4,mod_jk child workerEnv in error state 4
2005-11-20 12:48:22,error,workerenv,5,mod_jk child workerEnv in error state 5
2005-11-20 12:48:22,error,workerenv,5,mod_jk child workerEnv in error state 5
2005-11-20 12:48:24,error,workerenv,5,mod_jk child workerEnv in error state 5
2005-11-20 12:48:24,error,workerenv,4,mod_jk child workerEnv in error state 4
2005-11-20 12:48:24,error,workerenv,4,mod_jk child workerEnv in error state 4
2005-11-20 13:25:52,error,workerenv,4,mod_jk child workerEnv in error state 4
2005-11-20 13:25:52,error,workerenv,4,mod_jk child workerEnv in error state 4
2005-11-20 13:30:39,error,workerenv,4,mod_jk child workerEnv in error state 4
2005-11-20 13:35:44,error,workerenv,4,mod_jk child workerEnv in error state 4
2005-11-20 13:35:44,error,workerenv,4,mod_jk child workerEnv in error state 4
2005-11-20 13:40:57,error,workerenv,4,mod_jk child workerEnv in error state 4
2005-11-20 13:40:57,error,workerenv,4,mod_jk child workerEnv in error state 4
2005-11-20 13:41:34,error,workerenv,4,mod_jk child workerEnv in error state 4
2005-11-20 13:42:38,error,workerenv,4,mod_jk child workerEnv in error state 4
2005-11-20 13:42:38,error,workerenv,4,mod_jk child workerEnv in error state 4
2005-11-20 13:42:38,error,workerenv,4,mod_jk child workerEnv in error state 4
2005-11-20 13:42:38,error,workerenv,4,mod_jk child workerEnv in error state 4
2005-11-20 13:42:38,error,workerenv,4,mod_jk child workerEnv in error state 4
2005-11-20 13:42:38,error,workerenv,4,mod_jk child workerEnv in error state 4
2005-11-20 14:26:20,error,workerenv,4,mod_jk child workerEnv in error state 4
2005-11-20 14:30:58,error,workerenv,4,mod_jk child workerEnv in error state 4
2005-11-20 14:30:58,error,workerenv,3,mod_jk child workerEnv in error state 3
2005-11-20 14:30:58,error,workerenv,3,mod_jk child workerEnv in error state 3
2005-11-20 14:30:58,error,workerenv,3,mod_jk child workerEnv in error state 3
2005-11-20 14:30:58,error,workerenv,3,mod_jk child workerEnv in error state 3
2005-11-20 14:30:58,error,workerenv,3,mod_jk child workerEnv in error state 3
2005-11-20 14:30:58,error,workerenv,3,mod_jk child workerEnv in error state 3
2005-11-20 14:32:03,error,workerenv,4,mod_jk child workerEnv in error state 4
2005-11-20 14:32:03,error,workerenv,4,mod_jk child workerEnv in error state 4
2005-11-20 14:32:03,error,workerenv,3,mod_jk child workerEnv in error state 3
2005-11-20 14:32:03,error,workerenv,4,mod_jk child workerEnv in error state 4
2005-11-20 14:32:03,error,workerenv,4,mod_jk child workerEnv in error state 4
2005-11-20 14:32:03,error,workerenv,4,mod_jk child workerEnv in error state 4
2005-11-20 14:32:03,error,workerenv,4,mod_jk child workerEnv in error state 4
2005-11-20 14:32:55,error,workerenv,4,mod_jk child workerEnv in error state 4
2005-11-20 14:32:55,error,workerenv,4,mod_jk child workerEnv in error state 4
2005-11-20 14:32:55,error,workerenv,4,mod_jk child workerEnv in error state 4
2005-11-20 14:32:55,error,workerenv,4,mod_jk child workerEnv in error state 4
2005-11-20 14:32:55,error,workerenv,4,mod_jk child workerEnv in error state 4
2005-11-20 14:32:55,error,workerenv,4,mod_jk child workerEnv in error state 4
2005-11-20 14:32:55,error,workerenv,4,mod_jk child workerEnv in error state 4
2005-11-20 14:33:46,error,workerenv,4,mod_jk child workerEnv in error state 4
2005-11-20 14:33:47,error,workerenv,4,mod_jk child workerEnv in error state 4
2005-11-20 14:33:47,error,workerenv,4,mod_jk child workerEnv in error state 4
2005-11-20 14:33:47,error,workerenv,4,mod_jk child workerEnv in error state 4
2005-11-20 14:33:47,error,workerenv,4,mod_jk child workerEnv in error state 4
2005-11-20 14:33:47,error,workerenv,4,mod_jk child workerEnv in error state 4
2005-11-20 14:33:47,error,workerenv,4,mod_jk child workerEnv in error state 4
2005-11-20 14:35:02,error,workerenv,4,mod_jk child workerEnv in error state 4
2005-11-20 14:35:02,error,workerenv,4,mod_jk child workerEnv in error state 4
2005-11-20 14:35:02,error,workerenv,4,mod_jk child workerEnv in error state 4
2005-11-20 14:35:02,error,workerenv,4,mod_jk child workerEnv in error state 4
2005-11-20 14:35:02,error,workerenv,4,mod_jk child workerEnv in error state 4
2005-11-20 14:35:02,error,workerenv,4,mod_jk child workerEnv in error state 4
2005-11-20 14:35:29,error,workerenv,4,mod_jk child workerEnv in error state 4
2005-11-20 14:35:29,error,workerenv,4,mod_jk child workerEnv in error state 4
2005-11-20 14:35:29,error,workerenv,4,mod_jk child workerEnv in error state 4
2005-11-20 14:35:29,error,workerenv,4,mod_jk child workerEnv in error state 4
2005-11-20 14:35:29,error,workerenv,4,mod_jk child workerEnv in error state 4
2005-11-20 14:35:29,error,workerenv,5,mod_jk child workerEnv in error state 5
2005-11-20 14:35:29,error,workerenv,4,mod_jk child workerEnv in error state 4
2005-11-20 14:36:11,error,workerenv,3,mod_jk child workerEnv in error state 3
2005-11-20 14:36:11,error,workerenv,3,mod_jk child workerEnv in error state 3
2005-11-20 14:36:11,error,workerenv,3,mod_jk child workerEnv in error state 3
2005-11-20 14:36:11,error,workerenv,4,mod_jk child workerEnv in error state 4
2005-11-20 14:36:11,error,workerenv,4,mod_jk child workerEnv in error state 4
2005-11-20 14:36:11,error,workerenv,3,mod_jk child workerEnv in error state 3
2005-11-20 14:36:11,error,workerenv,3,mod_jk child workerEnv in error state 3
2005-11-20 14:36:42,error,workerenv,4,mod_jk child workerEnv in error state 4
2005-11-20 14:36:42,error,workerenv,3,mod_jk child workerEnv in error state 3
2005-11-20 14:36:42,error,workerenv,4,mod_jk child workerEnv in error state 4
2005-11-20 14:36:42,error,workerenv,4,mod_jk child workerEnv in error state 4
2005-11-20 14:36:42,error,workerenv,4,mod_jk child workerEnv in error state 4
2005-11-20 14:36:42,error,workerenv,4,mod_jk child workerEnv in error state 4
2005-11-20 14:36:42,error,workerenv,3,mod_jk child workerEnv in error state 3
2005-11-20 15:30:39,error,workerenv,4,mod_jk child workerEnv in error state 4
2005-11-20 15:36:25,error,workerenv,4,mod_jk child workerEnv in error state 4
2005-11-20 15:36:25,error,workerenv,4,mod_jk child workerEnv in error state 4
2005-11-20 15:36:25,error,workerenv,4,mod_jk child workerEnv in error state 4
2005-11-20 15:36:36,error,workerenv,4,mod_jk child workerEnv in error state 4
2005-11-20 15:36:36,error,workerenv,4,mod_jk child workerEnv in error state 4
2005-11-20 15:42:08,error,workerenv,5,mod_jk child workerEnv in error state 5
2005-11-20 15:42:27,error,workerenv,5,mod_jk child workerEnv in error state 5
2005-11-20 15:42:27,error,workerenv,6,mod_jk child workerEnv in error state 6
2005-11-20 15:42:27,error,workerenv,4,mod_jk child workerEnv in error state 4
2005-11-20 15:42:27,error,workerenv,4,mod_jk child workerEnv in error state 4
2005-11-20 15:42:27,error,workerenv,6,mod_jk child workerEnv in error state 6
2005-11-20 15:45:42,error,workerenv,4,mod_jk child workerEnv in error state 4
2005-11-20 15:45:42,error,workerenv,4,mod_jk child workerEnv in error state 4
2005-11-20 15:51:19,error,workerenv,4,mod_jk child workerEnv in error state 4
2005-11-20 15:51:42,error,workerenv,4,mod_jk child workerEnv in error state 4
2005-11-20 15:51:44,error,workerenv,5,mod_jk child workerEnv in error state 5
2005-11-20 15:51:44,error,workerenv,5,mod_jk child workerEnv in error state 5
2005-11-20 15:51:44,error,workerenv,4,mod_jk child workerEnv in error state 4
2005-11-20 16:02:28,error,workerenv,5,mod_jk child workerEnv in error state 5
2005-11-20 16:02:28,error,workerenv,4,mod_jk child workerEnv in error state 4
2005-11-20 16:02:28,error,workerenv,5,mod_jk child workerEnv in error state 5
2005-11-20 16:02:28,error,workerenv,5,mod_jk child workerEnv in error state 5
2005-11-20 16:02:28,error,workerenv,5,mod_jk child workerEnv in error state 5
2005-11-20 16:10:47,error,workerenv,4,mod_jk child workerEnv in error state 4
2005-11-20 16:10:47,error,workerenv,4,mod_jk child workerEnv in error state 4
2005-11-20 16:16:48,error,workerenv,4,mod_jk child workerEnv in error state 4
2005-11-20 16:16:48,error,workerenv,5,mod_jk child workerEnv in error state 5
2005-11-20 16:16:48,error,workerenv,5,mod_jk child workerEnv in error state 5
2005-11-20 16:16:48,error,workerenv,4,mod_jk child workerEnv in error state 4
2005-11-20 16:16:48,error,workerenv,4,mod_jk child workerEnv in error state 4
2005-11-20 16:21:12,error,workerenv,4,mod_jk child workerEnv in error state 4
2005-11-20 16:21:12,error,workerenv,4,mod_jk child workerEnv in error state 4
2005-11-20 16:21:12,error,workerenv,4,mod_jk child workerEnv in error state 4
2005-11-20 16:21:12,error,workerenv,4,mod_jk child workerEnv in error state 4
2005-11-20 16:21:12,error,workerenv,4,mod_jk child workerEnv in error state 4
2005-11-20 16:25:25,error,workerenv,4,mod_jk child workerEnv in error state 4
2005-11-20 16:27:42,error,workerenv,4,mod_jk child workerEnv in error state 4
2005-11-20 16:27:42,error,workerenv,4,mod_jk child workerEnv in error state 4
2005-11-20 16:28:21,error,workerenv,4,mod_jk child workerEnv in error state 4
2005-11-20 16:28:43,error,workerenv,4,mod_jk child workerEnv in error state 4
2005-11-20 16:28:53,error,workerenv,6,mod_jk child workerEnv in error state 6
2005-11-20 16:28:53,error,workerenv,5,mod_jk child workerEnv in error state 5
2005-11-20 16:29:12,error,workerenv,5,mod_jk child workerEnv in error state 5
2005-11-20 16:29:12,error,workerenv,4,mod_jk child workerEnv in error state 4
2005-11-20 16:29:30,error,workerenv,4,mod_jk child workerEnv in error state 4
2005-11-20 16:29:47,error,workerenv,4,mod_jk child workerEnv in error state 4
2005-11-20 16:29:47,error,workerenv,4,mod_jk child workerEnv in error state 4
2005-11-20 16:29:48,error,workerenv,4,mod_jk child workerEnv in error state 4
2005-11-20 16:29:48,error,workerenv,4,mod_jk child workerEnv in error state 4
2005-11-20 16:45:41,error,workerenv,4,mod_jk child workerEnv in error state 4
2005-11-20 16:45:41,error,workerenv,4,mod_jk child workerEnv in error state 4
2005-11-20 16:50:41,error,workerenv,4,mod_jk child workerEnv in error state 4
2005-11-20 16:50:41,error,workerenv,4,mod_jk child workerEnv in error state 4
2005-11-20 16:56:16,error,workerenv,4,mod_jk child workerEnv in error state 4
2005-11-20 16:56:16,error,workerenv,4,mod_jk child workerEnv in error state 4
2005-11-20 16:56:16,error,workerenv,4,mod_jk child workerEnv in error state 4
2005-11-20 16:56:16,error,workerenv,4,mod_jk child workerEnv in error state 4
2005-11-20 16:56:16,error,workerenv,4,mod_jk child workerEnv in error state 4
2005-11-20 17:02:57,error,workerenv,4,mod_jk child workerEnv in error state 4
2005-11-20 17:02:57,error,workerenv,4,mod_jk child workerEnv in error state 4
2005-11-20 17:02:57,error,workerenv,6,mod_jk child workerEnv in error state 6
2005-11-20 17:02:57,error,workerenv,5,mod_jk child workerEnv in error state 5
2005-11-20 17:02:57,error,workerenv,6,mod_jk child workerEnv in error state 6
2005-11-20 17:02:57,error,workerenv,4,mod_jk child workerEnv in error state 4
2005-11-20 17:13:54,error,workerenv,5,mod_jk child workerEnv in error state 5
2005-11-20 17:13:54,error,workerenv,4,mod_jk child workerEnv in error state 4
2005-11-20 17:13:54,error,workerenv,5,mod_jk child workerEnv in error state 5
2005-11-20 17:13:54,error,workerenv,6,mod_jk child workerEnv in error state 6
2005-11-20 17:13:54,error,workerenv,5,mod_jk child workerEnv in error state 5
2005-11-20 17:18:41,error,workerenv,7,mod_jk child workerEnv in error state 7
2005-11-20 17:18:41,error,workerenv,6,mod_jk child workerEnv in error state 6
2005-11-20 17:18:41,error,workerenv,6,mod_jk child workerEnv in error state 6
2005-11-20 17:18:41,error,workerenv,6,mod_jk child workerEnv in error state 6
2005-11-20 17:18:41,error,workerenv,4,mod_jk child workerEnv in error state 4
2005-11-20 17:40:42,error,workerenv,4,mod_jk child workerEnv in error state 4
2005-11-20 17:46:40,error,workerenv,4,mod_jk child workerEnv in error state 4
2005-11-20 17:46:45,error,workerenv,4,mod_jk child workerEnv in error state 4
2005-11-20 17:46:45,error,workerenv,4,mod_jk child workerEnv in error state 4
2005-11-20 17:46:49,error,workerenv,4,mod_jk child workerEnv in error state 4
2005-11-20 17:46:49,error,workerenv,5,mod_jk child workerEnv in error state 5
2005-11-20 17:51:10,error,workerenv,4,mod_jk child workerEnv in error state 4
2005-11-20 17:51:10,error,workerenv,4,mod_jk child workerEnv in error state 4
2005-11-20 17:51:10,error,workerenv,4,mod_jk child workerEnv in error state 4
2005-11-20 17:56:17,error,workerenv,4,mod_jk child workerEnv in error state 4
2005-11-20 17:56:17,error,workerenv,4,mod_jk child workerEnv in error state 4
2005-11-20 17:56:30,error,workerenv,4,mod_jk child workerEnv in error state 4
2005-11-20 17:56:30,error,workerenv,4,mod_jk child workerEnv in error state 4
2005-11-20 18:11:14,error,workerenv,4,mod_jk child workerEnv in error state 4
2005-11-20 18:11:14,error,workerenv,4,mod_jk child workerEnv in error state 4
2005-11-20 18:11:15,error,workerenv,4,mod_jk child workerEnv in error state 4
2005-11-20 18:11:15,error,workerenv,4,mod_jk child workerEnv in error state 4
2005-11-20 18:17:06,error,workerenv,5,mod_jk child workerEnv in error state 5
2005-11-20 18:17:07,error,workerenv,5,mod_jk child workerEnv in error state 5
2005-11-20 18:17:26,error,workerenv,5,mod_jk child workerEnv in error state 5
2005-11-20 18:17:26,error,workerenv,4,mod_jk child workerEnv in error state 4
2005-11-20 18:17:26,error,workerenv,4,mod_jk child workerEnv in error state 4
2005-11-20 18:17:26,error,workerenv,5,mod_jk child workerEnv in error state 5
2005-11-20 18:17:26,error,workerenv,5,mod_jk child workerEnv in error state 5
2005-11-20 18:18:48,error,workerenv,4,mod_jk child workerEnv in error state 4
2005-11-20 18:18:50,error,workerenv,4,mod_jk child workerEnv in error state 4
2005-11-20 18:22:41,error,workerenv,5,mod_jk child workerEnv in error state 5
2005-11-20 18:22:41,error,workerenv,5,mod_jk child workerEnv in error state 5
2005-11-20 18:22:41,error,workerenv,4,mod_jk child workerEnv in error state 4
2005-11-20 18:22:41,error,workerenv,5,mod_jk child workerEnv in error state 5
2005-11-20 18:22:41,error,workerenv,5,mod_jk child workerEnv in error state 5
2005-11-20 18:27:27,error,workerenv,4,mod_jk child workerEnv in error state 4
2005-11-20 18:27:27,error,workerenv,5,mod_jk child workerEnv in error state 5
2005-11-20 18:27:27,error,workerenv,5,mod_jk child workerEnv in error state 5
2005-11-20 18:27:27,error,workerenv,5,mod_jk child workerEnv in error state 5
2005-11-20 18:27:27,error,workerenv,5,mod_jk child workerEnv in error state 5
2005-11-20 18:38:58,error,workerenv,6,mod_jk child workerEnv in error state 6
2005-11-20 18:39:01,error,workerenv,6,mod_jk child workerEnv in error state 6
2005-11-20 18:39:01,error,workerenv,6,mod_jk child workerEnv in error state 6
2005-11-20 18:39:01,error,workerenv,6,mod_jk child workerEnv in error state 6
2005-11-20 18:39:01,error,workerenv,6,mod_jk child workerEnv in error state 6
2005-11-20 18:58:34,error,workerenv,4,mod_jk child workerEnv in error state 4
2005-11-20 19:40:48,error,workerenv,4,mod_jk child workerEnv in error state 4
2005-11-20 19:46:29,error,workerenv,4,mod_jk child workerEnv in error state 4
2005-11-20 19:46:29,error,workerenv,4,mod_jk child workerEnv in error state 4
2005-11-20 19:46:29,error,workerenv,4,mod_jk child workerEnv in error state 4
2005-11-20 19:46:31,error,workerenv,4,mod_jk child workerEnv in error state 4
2005-11-20 19:46:31,error,workerenv,4,mod_jk child workerEnv in error state 4
2005-11-20 19:49:52,error,workerenv,4,mod_jk child workerEnv in error state 4
2005-11-20 19:55:32,error,workerenv,4,mod_jk child workerEnv in error state 4
2005-11-20 20:00:44,error,workerenv,4,mod_jk child workerEnv in error state 4
2005-11-20 20:00:44,error,workerenv,4,mod_jk child workerEnv in error state 4
2005-11-20 20:05:50,error,workerenv,4,mod_jk child workerEnv in error state 4
2005-11-20 20:05:50,error,workerenv,4,mod_jk child workerEnv in error state 4
2005-11-20 20:06:02,error,workerenv,4,mod_jk child workerEnv in error state 4
2005-11-20 20:10:49,error,workerenv,4,mod_jk child workerEnv in error state 4
2005-11-20 20:12:45,error,workerenv,4,mod_jk child workerEnv in error state 4
2005-11-20 20:16:29,error,workerenv,4,mod_jk child workerEnv in error state 4
2005-11-20 20:16:29,error,workerenv,4,mod_jk child workerEnv in error state 4
2005-11-20 20:17:28,error,workerenv,5,mod_jk child workerEnv in error state 5
2005-11-20 20:17:28,error,workerenv,6,mod_jk child workerEnv in error state 6
2005-11-20 20:17:28,error,workerenv,4,mod_jk child workerEnv in error state 4
2005-11-20 20:17:28,error,workerenv,4,mod_jk child workerEnv in error state 4
2005-11-20 20:17:28,error,workerenv,4,mod_jk child workerEnv in error state 4
2005-11-20 21:03:57,error,workerenv,4,mod_jk child workerEnv in error state 4
2005-11-20 21:03:57,error,workerenv,4,mod_jk child workerEnv in error state 4
2005-11-20 21:03:57,error,workerenv,4,mod_jk child workerEnv in error state 4
2005-11-20 21:03:57,error,workerenv,4,mod_jk child workerEnv in error state 4
2005-11-20 21:03:57,error,workerenv,4,mod_jk child workerEnv in error state 4
2005-11-20 21:03:57,error,workerenv,4,mod_jk child workerEnv in error state 4
2005-11-20 21:03:57,error,workerenv,4,mod_jk child workerEnv in error state 4
2005-11-20 21:03:58,error,workerenv,4,mod_jk child workerEnv in error state 4
2005-11-20 21:04:10,error,workerenv,4,mod_jk child workerEnv in error state 4
2005-11-20 21:35:47,error,workerenv,4,mod_jk child workerEnv in error state 4
2005-11-20 21:41:05,error,workerenv,4,mod_jk child workerEnv in error state 4
2005-11-20 21:55:22,error,workerenv,4,mod_jk child workerEnv in error state 4
2005-11-20 22:01:08,error,workerenv,4,mod_jk child workerEnv in error state 4
2005-11-20 22:01:09,error,workerenv,4,mod_jk child workerEnv in error state 4
2005-11-20 22:05:41,error,workerenv,4,mod_jk child workerEnv in error state 4
2005-11-20 22:05:41,error,workerenv,4,mod_jk child workerEnv in error state 4
2005-11-20 22:10:52,error,workerenv,4,mod_jk child workerEnv in error state 4
2005-11-20 22:10:52,error,workerenv,4,mod_jk child workerEnv in error state 4
2005-11-20 22:10:52,error,workerenv,4,mod_jk child workerEnv in error state 4
2005-11-20 22:15:47,error,workerenv,4,mod_jk child workerEnv in error state 4
2005-11-20 22:23:30,error,workerenv,4,mod_jk child workerEnv in error state 4
2005-11-20 22:23:30,error,workerenv,4,mod_jk child workerEnv in error state 4
2005-11-20 22:23:30,error,workerenv,5,mod_jk child workerEnv in error state 5
2005-11-20 22:23:30,error,workerenv,5,mod_jk child workerEnv in error state 5
2005-11-20 22:23:30,error,workerenv,5,mod_jk child workerEnv in error state 5
2005-11-20 22:27:35,error,workerenv,4,mod_jk child workerEnv in error state 4
2005-11-20 22:27:35,error,workerenv,6,mod_jk child workerEnv in error state 6
2005-11-20 22:27:35,error,workerenv,4,mod_jk child workerEnv in error state 4
2005-11-20 22:27:35,error,workerenv,5,mod_jk child workerEnv in error state 5
2005-11-20 22:27:35,error,workerenv,4,mod_jk child workerEnv in error state 4
2005-11-20 22:33:48,error,workerenv,6,mod_jk child workerEnv in error state 6
2005-11-20 22:33:48,error,workerenv,4,mod_jk child workerEnv in error state 4
2005-11-20 22:33:48,error,workerenv,5,mod_jk child workerEnv in error state 5
2005-11-20 22:33:48,error,workerenv,4,mod_jk child workerEnv in error state 4
2005-11-20 22:33:48,error,workerenv,6,mod_jk child workerEnv in error state 6
2005-11-20 22:36:35,error,workerenv,5,mod_jk child workerEnv in error state 5
2005-11-20 22:36:35,error,workerenv,4,mod_jk child workerEnv in error state 4
2005-11-20 22:36:35,error,workerenv,4,mod_jk child workerEnv in error state 4
2005-11-20 22:36:35,error,workerenv,4,mod_jk child workerEnv in error state 4
2005-11-20 22:36:35,error,workerenv,4,mod_jk child workerEnv in error state 4
2005-11-20 22:47:27,error,workerenv,7,mod_jk child workerEnv in error state 7
2005-11-20 22:47:27,error,workerenv,6,mod_jk child workerEnv in error state 6
2005-11-20 22:47:27,error,workerenv,7,mod_jk child workerEnv in error state 7
2005-11-20 22:47:27,error,workerenv,7,mod_jk child workerEnv in error state 7
2005-11-20 22:47:27,error,workerenv,5,mod_jk child workerEnv in error state 5
2005-11-20 22:47:37,error,workerenv,4,mod_jk child workerEnv in error state 4
2005-11-20 23:10:49,error,workerenv,4,mod_jk child workerEnv in error state 4
2005-11-20 23:10:49,error,workerenv,4,mod_jk child workerEnv in error state 4
2005-11-20 23:16:04,error,workerenv,4,mod_jk child workerEnv in error state 4
2005-11-20 23:16:04,error,workerenv,4,mod_jk child workerEnv in error state 4
2005-11-20 23:16:04,error,workerenv,4,mod_jk child workerEnv in error state 4
2005-11-20 23:21:53,error,workerenv,4,mod_jk child workerEnv in error state 4
2005-11-20 23:21:53,error,workerenv,4,mod_jk child workerEnv in error state 4
2005-11-20 23:21:53,error,workerenv,5,mod_jk child workerEnv in error state 5
2005-11-20 23:21:53,error,workerenv,5,mod_jk child workerEnv in error state 5
2005-11-20 23:21:53,error,workerenv,4,mod_jk child workerEnv in error state 4
2005-11-20 23:28:29,error,workerenv,5,mod_jk child workerEnv in error state 5
2005-11-20 23:28:29,error,workerenv,5,mod_jk child workerEnv in error state 5
2005-11-20 23:28:29,error,workerenv,5,mod_jk child workerEnv in error state 5
2005-11-20 23:28:29,error,workerenv,4,mod_jk child workerEnv in error state 4
2005-11-20 23:28:29,error,workerenv,5,mod_jk child workerEnv in error state 5
2005-11-20 23:32:46,error,workerenv,4,mod_jk child workerEnv in error state 4
2005-11-20 23:32:46,error,workerenv,5,mod_jk child workerEnv in error state 5
2005-11-20 23:32:46,error,workerenv,4,mod_jk child workerEnv in error state 4
2005-11-20 23:32:46,error,workerenv,4,mod_jk child workerEnv in error state 4
2005-11-20 23:32:46,error,workerenv,4,mod_jk child workerEnv in error state 4
2005-11-20 23:38:43,error,workerenv,7,mod_jk child workerEnv in error state 7
2005-11-20 23:38:43,error,workerenv,5,mod_jk child workerEnv in error state 5
2005-11-20 23:38:43,error,workerenv,6,mod_jk child workerEnv in error state 6
2005-11-20 23:38:43,error,workerenv,5,mod_jk child workerEnv in error state 5
2005-11-20 23:38:44,error,workerenv,6,mod_jk child workerEnv in error state 6
2005-11-20 23:42:16,error,workerenv,4,mod_jk child workerEnv in error state 4
2005-11-20 23:42:16,error,workerenv,4,mod_jk child workerEnv in error state 4
2005-11-20 23:42:42,error,workerenv,4,mod_jk child workerEnv in error state 4
2005-11-20 23:42:43,error,workerenv,4,mod_jk child workerEnv in error state 4
2005-11-20 23:43:01,error,workerenv,4,mod_jk child workerEnv in error state 4
2005-11-20 23:43:01,error,workerenv,4,mod_jk child workerEnv in error state 4
2005-11-20 23:43:11,error,workerenv,4,mod_jk child workerEnv in error state 4
2005-11-20 23:43:11,error,workerenv,4,mod_jk child workerEnv in error state 4
2005-11-20 23:43:11,error,workerenv,4,mod_jk child workerEnv in error state 4
2005-11-20 23:49:43,error,workerenv,7,mod_jk child workerEnv in error state 7
2005-11-20 23:49:43,error,workerenv,6,mod_jk child workerEnv in error state 6
2005-11-20 23:49:43,error,workerenv,5,mod_jk child workerEnv in error state 5
2005-11-20 23:49:43,error,workerenv,6,mod_jk child workerEnv in error state 6
2005-11-20 23:49:43,error,workerenv,6,mod_jk child workerEnv in error state 6
2005-11-20 23:55:36,error,workerenv,4,mod_jk child workerEnv in error state 4
2005-11-20 23:55:36,error,workerenv,4,mod_jk child workerEnv in error state 4
2005-11-21 00:00:52,error,workerenv,4,mod_jk child workerEnv in error state 4
2005-11-21 00:00:52,error,workerenv,4,mod_jk child workerEnv in error state 4
2005-11-21 00:05:29,error,workerenv,4,mod_jk child workerEnv in error state 4
2005-11-21 00:10:57,error,workerenv,4,mod_jk child workerEnv in error state 4
2005-11-21 00:10:57,error,workerenv,4,mod_jk child workerEnv in error state 4
2005-11-21 00:10:57,error,workerenv,4,mod_jk child workerEnv in error state 4
2005-11-21 00:16:13,error,workerenv,4,mod_jk child workerEnv in error state 4
2005-11-21 00:16:13,error,workerenv,4,mod_jk child workerEnv in error state 4
2005-11-21 00:16:13,error,workerenv,4,mod_jk child workerEnv in error state 4
2005-11-21 00:16:31,error,workerenv,4,mod_jk child workerEnv in error state 4
2005-11-21 00:16:31,error,workerenv,4,mod_jk child workerEnv in error state 4
2005-11-21 00:16:31,error,workerenv,4,mod_jk child workerEnv in error state 4
2005-11-21 00:21:25,error,workerenv,4,mod_jk child workerEnv in error state 4
2005-11-21 00:22:45,error,workerenv,4,mod_jk child workerEnv in error state 4
2005-11-21 00:22:45,error,workerenv,5,mod_jk child workerEnv in error state 5
2005-11-21 00:22:45,error,workerenv,4,mod_jk child workerEnv in error state 4
2005-11-21 00:22:45,error,workerenv,5,mod_jk child workerEnv in error state 5
2005-11-21 00:22:45,error,workerenv,5,mod_jk child workerEnv in error state 5
2005-11-21 00:27:27,error,workerenv,5,mod_jk child workerEnv in error state 5
2005-11-21 00:27:27,error,workerenv,5,mod_jk child workerEnv in error state 5
2005-11-21 00:27:34,error,workerenv,5,mod_jk child workerEnv in error state 5
2005-11-21 00:27:34,error,workerenv,6,mod_jk child workerEnv in error state 6
2005-11-21 00:27:34,error,workerenv,5,mod_jk child workerEnv in error state 5
2005-11-21 00:34:20,error,workerenv,5,mod_jk child workerEnv in error state 5
2005-11-21 00:34:20,error,workerenv,4,mod_jk child workerEnv in error state 4
2005-11-21 00:34:20,error,workerenv,5,mod_jk child workerEnv in error state 5
2005-11-21 00:34:20,error,workerenv,5,mod_jk child workerEnv in error state 5
2005-11-21 00:34:20,error,workerenv,5,mod_jk child workerEnv in error state 5
2005-11-21 00:37:46,error,workerenv,4,mod_jk child workerEnv in error state 4
2005-11-21 00:37:46,error,workerenv,5,mod_jk child workerEnv in error state 5
2005-11-21 00:37:46,error,workerenv,5,mod_jk child workerEnv in error state 5
2005-11-21 00:37:46,error,workerenv,4,mod_jk child workerEnv in error state 4
2005-11-21 00:37:46,error,workerenv,4,mod_jk child workerEnv in error state 4
2005-11-21 00:43:02,error,workerenv,5,mod_jk child workerEnv in error state 5
2005-11-21 00:43:02,error,workerenv,4,mod_jk child workerEnv in error state 4
2005-11-21 00:43:02,error,workerenv,5,mod_jk child workerEnv in error state 5
2005-11-21 00:43:02,error,workerenv,5,mod_jk child workerEnv in error state 5
2005-11-21 00:43:02,error,workerenv,5,mod_jk child workerEnv in error state 5
2005-11-21 00:48:45,error,workerenv,6,mod_jk child workerEnv in error state 6
2005-11-21 00:48:45,error,workerenv,5,mod_jk child workerEnv in error state 5
2005-11-21 00:48:45,error,workerenv,6,mod_jk child workerEnv in error state 6
2005-11-21 00:48:58,error,workerenv,6,mod_jk child workerEnv in error state 6
2005-11-21 00:48:58,error,workerenv,5,mod_jk child workerEnv in error state 5
2005-11-21 00:52:07,error,workerenv,4,mod_jk child workerEnv in error state 4
2005-11-21 00:52:07,error,workerenv,5,mod_jk child workerEnv in error state 5
2005-11-21 00:52:07,error,workerenv,5,mod_jk child workerEnv in error state 5
2005-11-21 00:52:07,error,workerenv,4,mod_jk child workerEnv in error state 4
2005-11-21 00:52:07,error,workerenv,4,mod_jk child workerEnv in error state 4
2005-11-21 01:00:08,error,workerenv,5,mod_jk child workerEnv in error state 5
2005-11-21 01:00:08,error,workerenv,6,mod_jk child workerEnv in error state 6
2005-11-21 01:00:08,error,workerenv,6,mod_jk child workerEnv in error state 6
2005-11-21 01:03:26,error,workerenv,5,mod_jk child workerEnv in error state 5
2005-11-21 01:03:26,error,workerenv,8,mod_jk child workerEnv in error state 8
2005-11-21 01:03:26,error,workerenv,5,mod_jk child workerEnv in error state 5
2005-11-21 01:04:31,error,workerenv,10,mod_jk child workerEnv in error state 10
2005-11-21 01:04:31,error,workerenv,4,mod_jk child workerEnv in error state 4
2005-11-21 01:04:31,error,workerenv,4,mod_jk child workerEnv in error state 4
2005-11-21 01:04:31,error,workerenv,4,mod_jk child workerEnv in error state 4
2005-11-21 01:04:31,error,workerenv,4,mod_jk child workerEnv in error state 4
2005-11-21 01:04:31,error,workerenv,4,mod_jk child workerEnv in error state 4
2005-11-21 01:04:31,error,workerenv,4,mod_jk child workerEnv in error state 4
2005-11-21 01:04:31,error,workerenv,6,mod_jk child workerEnv in error state 6
2005-11-21 01:06:04,error,workerenv,4,mod_jk child workerEnv in error state 4
2005-11-21 01:14:12,error,workerenv,6,mod_jk child workerEnv in error state 6
2005-11-21 01:14:12,error,workerenv,6,mod_jk child workerEnv in error state 6
2005-11-21 01:14:12,error,workerenv,6,mod_jk child workerEnv in error state 6
2005-11-21 01:14:12,error,workerenv,5,mod_jk child workerEnv in error state 5
2005-11-21 01:14:12,error,workerenv,5,mod_jk child workerEnv in error state 5
2005-11-21 01:16:49,error,workerenv,4,mod_jk child workerEnv in error state 4
2005-11-21 01:16:49,error,workerenv,5,mod_jk child workerEnv in error state 5
2005-11-21 01:16:49,error,workerenv,4,mod_jk child workerEnv in error state 4
2005-11-21 01:16:49,error,workerenv,4,mod_jk child workerEnv in error state 4
2005-11-21 01:16:49,error,workerenv,5,mod_jk child workerEnv in error state 5
2005-11-21 01:16:56,error,workerenv,4,mod_jk child workerEnv in error state 4
2005-11-21 01:24:54,error,workerenv,5,mod_jk child workerEnv in error state 5
2005-11-21 01:24:54,error,workerenv,5,mod_jk child workerEnv in error state 5
2005-11-21 01:24:54,error,workerenv,6,mod_jk child workerEnv in error state 6
2005-11-21 01:24:54,error,workerenv,5,mod_jk child workerEnv in error state 5
2005-11-21 01:24:54,error,workerenv,7,mod_jk child workerEnv in error state 7
2005-11-21 01:24:57,error,workerenv,4,mod_jk child workerEnv in error state 4
2005-11-21 01:29:05,error,workerenv,6,mod_jk child workerEnv in error state 6
2005-11-21 01:29:05,error,workerenv,5,mod_jk child workerEnv in error state 5
2005-11-21 01:29:05,error,workerenv,6,mod_jk child workerEnv in error state 6
2005-11-21 01:29:05,error,workerenv,5,mod_jk child workerEnv in error state 5
2005-11-21 01:29:05,error,workerenv,5,mod_jk child workerEnv in error state 5
2005-11-21 01:39:09,error,workerenv,4,mod_jk child workerEnv in error state 4
2005-11-21 01:52:52,error,workerenv,5,mod_jk child workerEnv in error state 5
2005-11-21 01:52:52,error,workerenv,5,mod_jk child workerEnv in error state 5
2005-11-21 01:53:34,error,workerenv,6,mod_jk child workerEnv in error state 6
2005-11-21 01:53:35,error,workerenv,6,mod_jk child workerEnv in error state 6
2005-11-21 01:53:35,error,workerenv,4,mod_jk child workerEnv in error state 4
2005-11-21 01:53:39,error,workerenv,4,mod_jk child workerEnv in error state 4
2005-11-21 01:53:39,error,workerenv,6,mod_jk child workerEnv in error state 6
2005-11-21 01:55:29,error,workerenv,4,mod_jk child workerEnv in error state 4
2005-11-21 02:02:52,error,workerenv,4,mod_jk child workerEnv in error state 4
2005-11-21 02:02:52,error,workerenv,6,mod_jk child workerEnv in error state 6
2005-11-21 02:02:52,error,workerenv,4,mod_jk child workerEnv in error state 4
2005-11-21 02:02:53,error,workerenv,6,mod_jk child workerEnv in error state 6
2005-11-21 02:03:05,error,workerenv,7,mod_jk child workerEnv in error state 7
2005-11-21 02:05:55,error,workerenv,4,mod_jk child workerEnv in error state 4
2005-11-21 02:05:55,error,workerenv,4,mod_jk child workerEnv in error state 4
2005-11-21 02:13:15,error,workerenv,4,mod_jk child workerEnv in error state 4
2005-11-21 02:13:15,error,workerenv,4,mod_jk child workerEnv in error state 4
2005-11-21 02:13:15,error,workerenv,4,mod_jk child workerEnv in error state 4
2005-11-21 02:13:15,error,workerenv,5,mod_jk child workerEnv in error state 5
2005-11-21 02:13:15,error,workerenv,4,mod_jk child workerEnv in error state 4
2005-11-21 02:17:28,error,workerenv,4,mod_jk child workerEnv in error state 4
2005-11-21 02:17:28,error,workerenv,4,mod_jk child workerEnv in error state 4
2005-11-21 02:17:28,error,workerenv,4,mod_jk child workerEnv in error state 4
2005-11-21 02:17:28,error,workerenv,5,mod_jk child workerEnv in error state 5
2005-11-21 02:17:28,error,workerenv,5,mod_jk child workerEnv in error state 5
2005-11-21 02:21:48,error,workerenv,4,mod_jk child workerEnv in error state 4
2005-11-21 02:22:23,error,workerenv,4,mod_jk child workerEnv in error state 4
2005-11-21 02:23:09,error,workerenv,5,mod_jk child workerEnv in error state 5
2005-11-21 02:23:09,error,workerenv,4,mod_jk child workerEnv in error state 4
2005-11-21 02:23:09,error,workerenv,5,mod_jk child workerEnv in error state 5
2005-11-21 02:23:09,error,workerenv,4,mod_jk child workerEnv in error state 4
2005-11-21 02:23:09,error,workerenv,4,mod_jk child workerEnv in error state 4
2005-11-21 02:29:18,error,workerenv,7,mod_jk child workerEnv in error state 7
2005-11-21 02:29:18,error,workerenv,5,mod_jk child workerEnv in error state 5
2005-11-21 02:29:18,error,workerenv,5,mod_jk child workerEnv in error state 5
2005-11-21 02:29:18,error,workerenv,5,mod_jk child workerEnv in error state 5
2005-11-21 02:29:18,error,workerenv,4,mod_jk child workerEnv in error state 4
2005-11-21 02:31:30,error,workerenv,4,mod_jk child workerEnv in error state 4
2005-11-21 02:31:30,error,workerenv,4,mod_jk child workerEnv in error state 4
2005-11-21 02:35:13,error,workerenv,5,mod_jk child workerEnv in error state 5
2005-11-21 02:35:15,error,workerenv,5,mod_jk child workerEnv in error state 5
2005-11-21 02:35:15,error,workerenv,4,mod_jk child workerEnv in error state 4
2005-11-21 02:35:15,error,workerenv,5,mod_jk child workerEnv in error state 5
2005-11-21 02:35:51,error,workerenv,7,mod_jk child workerEnv in error state 7
2005-11-21 02:38:38,error,workerenv,5,mod_jk child workerEnv in error state 5
2005-11-21 02:38:38,error,workerenv,4,mod_jk child workerEnv in error state 4
2005-11-21 02:38:38,error,workerenv,6,mod_jk child workerEnv in error state 6
2005-11-21 02:38:38,error,workerenv,6,mod_jk child workerEnv in error state 6
2005-11-21 02:38:38,error,workerenv,4,mod_jk child workerEnv in error state 4
2005-11-21 02:38:38,error,workerenv,5,mod_jk child workerEnv in error state 5
2005-11-21 02:41:46,error,workerenv,4,mod_jk child workerEnv in error state 4
2005-11-21 02:41:46,error,workerenv,4,mod_jk child workerEnv in error state 4
2005-11-21 02:44:22,error,workerenv,5,mod_jk child workerEnv in error state 5
2005-11-21 02:44:22,error,workerenv,5,mod_jk child workerEnv in error state 5
2005-11-21 02:44:22,error,workerenv,6,mod_jk child workerEnv in error state 6
2005-11-21 02:44:22,error,workerenv,5,mod_jk child workerEnv in error state 5
2005-11-21 02:44:22,error,workerenv,6,mod_jk child workerEnv in error state 6
2005-11-21 02:49:49,error,workerenv,4,mod_jk child workerEnv in error state 4
2005-11-21 02:50:11,error,workerenv,6,mod_jk child workerEnv in error state 6
2005-11-21 02:50:11,error,workerenv,7,mod_jk child workerEnv in error state 7
2005-11-21 02:50:11,error,workerenv,6,mod_jk child workerEnv in error state 6
2005-11-21 02:50:11,error,workerenv,5,mod_jk child workerEnv in error state 5
2005-11-21 02:50:11,error,workerenv,7,mod_jk child workerEnv in error state 7
2005-11-21 02:54:03,error,workerenv,5,mod_jk child workerEnv in error state 5
2005-11-21 02:54:04,error,workerenv,7,mod_jk child workerEnv in error state 7
2005-11-21 02:54:04,error,workerenv,4,mod_jk child workerEnv in error state 4
2005-11-21 02:54:04,error,workerenv,4,mod_jk child workerEnv in error state 4
2005-11-21 02:54:04,error,workerenv,5,mod_jk child workerEnv in error state 5
2005-11-21 02:56:34,error,workerenv,4,mod_jk child workerEnv in error state 4
2005-11-21 02:56:34,error,workerenv,4,mod_jk child workerEnv in error state 4
2005-11-21 03:01:56,error,workerenv,6,mod_jk child workerEnv in error state 6
2005-11-21 03:01:55,error,workerenv,7,mod_jk child workerEnv in error state 7
2005-11-21 03:02:43,error,workerenv,7,mod_jk child workerEnv in error state 7
2005-11-21 03:02:43,error,workerenv,4,mod_jk child workerEnv in error state 4
2005-11-21 03:03:18,error,workerenv,4,mod_jk child workerEnv in error state 4
2005-11-21 03:03:18,error,workerenv,8,mod_jk child workerEnv in error state 8
2005-11-21 03:03:18,error,workerenv,10,mod_jk child workerEnv in error state 10
2005-11-21 03:06:01,error,workerenv,5,mod_jk child workerEnv in error state 5
2005-11-21 03:06:01,error,workerenv,5,mod_jk child workerEnv in error state 5
2005-11-21 03:06:01,error,workerenv,5,mod_jk child workerEnv in error state 5
2005-11-21 03:06:01,error,workerenv,5,mod_jk child workerEnv in error state 5
2005-11-21 03:06:53,error,workerenv,4,mod_jk child workerEnv in error state 4
2005-11-21 03:06:53,error,workerenv,4,mod_jk child workerEnv in error state 4
2005-11-21 03:09:53,error,workerenv,5,mod_jk child workerEnv in error state 5
2005-11-21 03:09:53,error,workerenv,4,mod_jk child workerEnv in error state 4
2005-11-21 03:09:53,error,workerenv,5,mod_jk child workerEnv in error state 5
2005-11-21 03:09:53,error,workerenv,8,mod_jk child workerEnv in error state 8
2005-11-21 03:09:53,error,workerenv,4,mod_jk child workerEnv in error state 4
2005-11-21 03:09:56,error,workerenv,4,mod_jk child workerEnv in error state 4
2005-11-21 03:14:11,error,workerenv,4,mod_jk child workerEnv in error state 4
2005-11-21 03:14:11,error,workerenv,4,mod_jk child workerEnv in error state 4
2005-11-21 03:14:11,error,workerenv,4,mod_jk child workerEnv in error state 4
2005-11-21 03:14:11,error,workerenv,5,mod_jk child workerEnv in error state 5
2005-11-21 03:14:11,error,workerenv,4,mod_jk child workerEnv in error state 4
2005-11-21 03:14:11,error,workerenv,5,mod_jk child workerEnv in error state 5
2005-11-21 03:18:28,error,workerenv,4,mod_jk child workerEnv in error state 4
2005-11-21 03:18:28,error,workerenv,4,mod_jk child workerEnv in error state 4
2005-11-21 03:18:28,error,workerenv,5,mod_jk child workerEnv in error state 5
2005-11-21 03:18:28,error,workerenv,5,mod_jk child workerEnv in error state 5
2005-11-21 03:18:28,error,workerenv,5,mod_jk child workerEnv in error state 5
2005-11-21 03:19:20,error,workerenv,4,mod_jk child workerEnv in error state 4
2005-11-21 03:19:20,error,workerenv,4,mod_jk child workerEnv in error state 4
2005-11-21 03:19:20,error,workerenv,5,mod_jk child workerEnv in error state 5
2005-11-21 03:19:20,error,workerenv,4,mod_jk child workerEnv in error state 4
2005-11-21 03:22:34,error,workerenv,4,mod_jk child workerEnv in error state 4
2005-11-21 03:22:34,error,workerenv,5,mod_jk child workerEnv in error state 5
2005-11-21 03:22:34,error,workerenv,5,mod_jk child workerEnv in error state 5
2005-11-21 03:22:34,error,workerenv,4,mod_jk child workerEnv in error state 4
2005-11-21 03:22:34,error,workerenv,5,mod_jk child workerEnv in error state 5
2005-11-21 03:28:16,error,workerenv,4,mod_jk child workerEnv in error state 4
2005-11-21 03:29:35,error,workerenv,7,mod_jk child workerEnv in error state 7
2005-11-21 03:29:35,error,workerenv,5,mod_jk child workerEnv in error state 5
2005-11-21 03:29:35,error,workerenv,6,mod_jk child workerEnv in error state 6
2005-11-21 03:29:35,error,workerenv,6,mod_jk child workerEnv in error state 6
2005-11-21 03:29:35,error,workerenv,4,mod_jk child workerEnv in error state 4
2005-11-21 03:37:45,error,workerenv,6,mod_jk child workerEnv in error state 6
2005-11-21 03:37:45,error,workerenv,6,mod_jk child workerEnv in error state 6
2005-11-21 03:37:45,error,workerenv,4,mod_jk child workerEnv in error state 4
2005-11-21 03:37:45,error,workerenv,5,mod_jk child workerEnv in error state 5
2005-11-21 03:37:45,error,workerenv,5,mod_jk child workerEnv in error state 5
2005-11-21 03:39:00,error,workerenv,4,mod_jk child workerEnv in error state 4
2005-11-21 03:39:00,error,workerenv,4,mod_jk child workerEnv in error state 4
2005-11-21 03:39:00,error,workerenv,4,mod_jk child workerEnv in error state 4
2005-11-21 03:39:00,error,workerenv,4,mod_jk child workerEnv in error state 4
2005-11-21 03:39:02,error,workerenv,5,mod_jk child workerEnv in error state 5
2005-11-21 03:47:52,error,workerenv,8,mod_jk child workerEnv in error state 8
2005-11-21 03:47:52,error,workerenv,5,mod_jk child workerEnv in error state 5
2005-11-21 03:47:52,error,workerenv,6,mod_jk child workerEnv in error state 6
2005-11-21 03:47:52,error,workerenv,5,mod_jk child workerEnv in error state 5
2005-11-21 03:47:52,error,workerenv,7,mod_jk child workerEnv in error state 7
2005-11-21 03:47:52,error,workerenv,8,mod_jk child workerEnv in error state 8
2005-11-21 03:47:52,error,workerenv,7,mod_jk child workerEnv in error state 7
2005-11-21 03:52:08,error,workerenv,4,mod_jk child workerEnv in error state 4
2005-11-21 03:56:05,error,workerenv,4,mod_jk child workerEnv in error state 4
2005-11-21 03:56:05,error,workerenv,4,mod_jk child workerEnv in error state 4
2005-11-21 04:01:00,error,workerenv,4,mod_jk child workerEnv in error state 4
2005-11-21 04:01:00,error,workerenv,4,mod_jk child workerEnv in error state 4
2005-11-21 04:09:22,error,workerenv,5,mod_jk child workerEnv in error state 5
2005-11-21 04:09:22,error,workerenv,5,mod_jk child workerEnv in error state 5
2005-11-21 04:09:22,error,workerenv,5,mod_jk child workerEnv in error state 5
2005-11-21 04:09:22,error,workerenv,6,mod_jk child workerEnv in error state 6
2005-11-21 04:09:22,error,workerenv,5,mod_jk child workerEnv in error state 5
2005-11-21 04:12:40,error,workerenv,4,mod_jk child workerEnv in error state 4
2005-11-21 04:21:50,error,workerenv,7,mod_jk child workerEnv in error state 7
2005-11-21 04:21:50,error,workerenv,6,mod_jk child workerEnv in error state 6
2005-11-21 04:21:50,error,workerenv,7,mod_jk child workerEnv in error state 7
2005-11-21 04:21:50,error,workerenv,4,mod_jk child workerEnv in error state 4
2005-11-21 04:21:50,error,workerenv,4,mod_jk child workerEnv in error state 4
2005-11-21 04:21:50,error,workerenv,6,mod_jk child workerEnv in error state 6
2005-11-21 04:21:50,error,workerenv,6,mod_jk child workerEnv in error state 6
2005-11-21 05:36:07,error,workerenv,4,mod_jk child workerEnv in error state 4
2005-11-21 05:42:49,error,workerenv,5,mod_jk child workerEnv in error state 5
2005-11-21 05:42:49,error,workerenv,5,mod_jk child workerEnv in error state 5
2005-11-21 05:42:49,error,workerenv,5,mod_jk child workerEnv in error state 5
2005-11-21 05:42:49,error,workerenv,4,mod_jk child workerEnv in error state 4
2005-11-21 05:42:49,error,workerenv,4,mod_jk child workerEnv in error state 4
2005-11-21 05:42:49,error,workerenv,4,mod_jk child workerEnv in error state 4
2005-11-21 05:49:13,error,workerenv,6,mod_jk child workerEnv in error state 6
2005-11-21 05:49:13,error,workerenv,5,mod_jk child workerEnv in error state 5
2005-11-21 05:49:13,error,workerenv,5,mod_jk child workerEnv in error state 5
2005-11-21 05:49:13,error,workerenv,5,mod_jk child workerEnv in error state 5
2005-11-21 05:49:13,error,workerenv,5,mod_jk child workerEnv in error state 5
2005-11-21 05:55:58,error,workerenv,5,mod_jk child workerEnv in error state 5
2005-11-21 05:55:58,error,workerenv,6,mod_jk child workerEnv in error state 6
2005-11-21 05:56:16,error,workerenv,5,mod_jk child workerEnv in error state 5
2005-11-21 05:56:16,error,workerenv,6,mod_jk child workerEnv in error state 6
2005-11-21 05:56:16,error,workerenv,5,mod_jk child workerEnv in error state 5
2005-11-21 05:59:12,error,workerenv,6,mod_jk child workerEnv in error state 6
2005-11-21 05:59:12,error,workerenv,6,mod_jk child workerEnv in error state 6
2005-11-21 05:59:12,error,workerenv,4,mod_jk child workerEnv in error state 4
2005-11-21 05:59:12,error,workerenv,4,mod_jk child workerEnv in error state 4
2005-11-21 05:59:12,error,workerenv,4,mod_jk child workerEnv in error state 4
2005-11-21 06:04:40,error,workerenv,4,mod_jk child workerEnv in error state 4
2005-11-21 06:04:40,error,workerenv,7,mod_jk child workerEnv in error state 7
2005-11-21 06:04:40,error,workerenv,5,mod_jk child workerEnv in error state 5
2005-11-21 06:04:40,error,workerenv,5,mod_jk child workerEnv in error state 5
2005-11-21 06:04:40,error,workerenv,5,mod_jk child workerEnv in error state 5
2005-11-21 07:35:39,error,workerenv,4,mod_jk child workerEnv in error state 4
2005-11-21 07:35:39,error,workerenv,4,mod_jk child workerEnv in error state 4
2005-11-21 07:44:24,error,workerenv,6,mod_jk child workerEnv in error state 6
2005-11-21 07:45:42,error,workerenv,4,mod_jk child workerEnv in error state 4
2005-11-21 07:55:28,error,workerenv,4,mod_jk child workerEnv in error state 4
2005-11-21 08:01:01,error,workerenv,4,mod_jk child workerEnv in error state 4
2005-11-21 08:01:01,error,workerenv,4,mod_jk child workerEnv in error state 4
2005-11-21 08:01:01,error,workerenv,4,mod_jk child workerEnv in error state 4
2005-11-21 08:06:51,error,workerenv,4,mod_jk child workerEnv in error state 4
2005-11-21 08:11:28,error,workerenv,4,mod_jk child workerEnv in error state 4
2005-11-21 08:11:28,error,workerenv,4,mod_jk child workerEnv in error state 4
2005-11-21 08:11:28,error,workerenv,4,mod_jk child workerEnv in error state 4
2005-11-21 08:11:28,error,workerenv,4,mod_jk child workerEnv in error state 4
2005-11-21 08:16:11,error,workerenv,4,mod_jk child workerEnv in error state 4
2005-11-21 08:16:11,error,workerenv,4,mod_jk child workerEnv in error state 4
2005-11-21 08:16:11,error,workerenv,4,mod_jk child workerEnv in error state 4
2005-11-21 08:24:57,error,workerenv,5,mod_jk child workerEnv in error state 5
2005-11-21 08:24:57,error,workerenv,5,mod_jk child workerEnv in error state 5
2005-11-21 08:24:57,error,workerenv,6,mod_jk child workerEnv in error state 6
2005-11-21 08:24:57,error,workerenv,4,mod_jk child workerEnv in error state 4
2005-11-21 08:24:57,error,workerenv,5,mod_jk child workerEnv in error state 5
2005-11-21 08:27:12,error,workerenv,5,mod_jk child workerEnv in error state 5
2005-11-21 08:27:12,error,workerenv,5,mod_jk child workerEnv in error state 5
2005-11-21 08:27:13,error,workerenv,4,mod_jk child workerEnv in error state 4
2005-11-21 08:27:13,error,workerenv,4,mod_jk child workerEnv in error state 4
2005-11-21 08:27:13,error,workerenv,5,mod_jk child workerEnv in error state 5
2005-11-21 08:31:14,error,workerenv,4,mod_jk child workerEnv in error state 4
2005-11-21 08:31:14,error,workerenv,4,mod_jk child workerEnv in error state 4
2005-11-21 08:31:14,error,workerenv,4,mod_jk child workerEnv in error state 4
2005-11-21 08:31:14,error,workerenv,4,mod_jk child workerEnv in error state 4
2005-11-21 08:31:14,error,workerenv,4,mod_jk child workerEnv in error state 4
2005-11-21 08:31:38,error,workerenv,4,mod_jk child workerEnv in error state 4
2005-11-21 08:31:38,error,workerenv,4,mod_jk child workerEnv in error state 4
2005-11-21 08:31:38,error,workerenv,4,mod_jk child workerEnv in error state 4
2005-11-21 08:37:17,error,workerenv,4,mod_jk child workerEnv in error state 4
2005-11-21 08:37:17,error,workerenv,4,mod_jk child workerEnv in error state 4
2005-11-21 08:37:17,error,workerenv,4,mod_jk child workerEnv in error state 4
2005-11-21 08:37:17,error,workerenv,4,mod_jk child workerEnv in error state 4
2005-11-21 08:37:17,error,workerenv,4,mod_jk child workerEnv in error state 4
2005-11-21 08:41:39,error,workerenv,4,mod_jk child workerEnv in error state 4
2005-11-21 08:45:21,error,workerenv,4,mod_jk child workerEnv in error state 4
2005-11-21 08:45:21,error,workerenv,7,mod_jk child workerEnv in error state 7
2005-11-21 08:45:21,error,workerenv,7,mod_jk child workerEnv in error state 7
2005-11-21 08:45:21,error,workerenv,6,mod_jk child workerEnv in error state 6
2005-11-21 08:45:21,error,workerenv,5,mod_jk child workerEnv in error state 5
2005-11-21 08:53:19,error,workerenv,6,mod_jk child workerEnv in error state 6
2005-11-21 08:53:20,error,workerenv,4,mod_jk child workerEnv in error state 4
2005-11-21 11:26:06,error,workerenv,4,mod_jk child workerEnv in error state 4
2005-11-21 11:26:06,error,workerenv,4,mod_jk child workerEnv in error state 4
2005-11-21 11:31:14,error,workerenv,4,mod_jk child workerEnv in error state 4
2005-11-21 11:31:14,error,workerenv,4,mod_jk child workerEnv in error state 4
2005-11-21 11:31:14,error,workerenv,4,mod_jk child workerEnv in error state 4
2005-11-21 11:35:42,error,workerenv,4,mod_jk child workerEnv in error state 4
2005-11-21 11:41:28,error,workerenv,4,mod_jk child workerEnv in error state 4
2005-11-21 11:41:28,error,workerenv,4,mod_jk child workerEnv in error state 4
2005-11-21 11:41:28,error,workerenv,4,mod_jk child workerEnv in error state 4
2005-11-21 11:41:28,error,workerenv,4,mod_jk child workerEnv in error state 4
2005-11-21 11:47:30,error,workerenv,5,mod_jk child workerEnv in error state 5
2005-11-21 11:47:30,error,workerenv,4,mod_jk child workerEnv in error state 4
2005-11-21 11:47:30,error,workerenv,4,mod_jk child workerEnv in error state 4
2005-11-21 11:47:30,error,workerenv,4,mod_jk child workerEnv in error state 4
2005-11-21 11:53:17,error,workerenv,4,mod_jk child workerEnv in error state 4
2005-11-21 11:53:17,error,workerenv,4,mod_jk child workerEnv in error state 4
2005-11-21 11:53:17,error,workerenv,5,mod_jk child workerEnv in error state 5
2005-11-21 11:53:17,error,workerenv,4,mod_jk child workerEnv in error state 4
2005-11-21 11:57:54,error,workerenv,4,mod_jk child workerEnv in error state 4
2005-11-21 11:57:54,error,workerenv,5,mod_jk child workerEnv in error state 5
2005-11-21 11:57:54,error,workerenv,4,mod_jk child workerEnv in error state 4
2005-11-21 11:57:54,error,workerenv,4,mod_jk child workerEnv in error state 4
2005-11-21 11:57:55,error,workerenv,4,mod_jk child workerEnv in error state 4
2005-11-21 12:00:53,error,workerenv,4,mod_jk child workerEnv in error state 4
2005-11-21 12:00:53,error,workerenv,4,mod_jk child workerEnv in error state 4
2005-11-21 12:06:10,error,workerenv,4,mod_jk child workerEnv in error state 4
2005-11-21 12:06:10,error,workerenv,4,mod_jk child workerEnv in error state 4
2005-11-21 12:06:10,error,workerenv,4,mod_jk child workerEnv in error state 4
2005-11-21 12:06:10,error,workerenv,4,mod_jk child workerEnv in error state 4
2005-11-21 12:06:11,error,workerenv,4,mod_jk child workerEnv in error state 4
2005-11-21 12:11:07,error,workerenv,4,mod_jk child workerEnv in error state 4
2005-11-21 12:11:07,error,workerenv,4,mod_jk child workerEnv in error state 4
2005-11-21 12:11:07,error,workerenv,4,mod_jk child workerEnv in error state 4
2005-11-21 12:11:07,error,workerenv,4,mod_jk child workerEnv in error state 4
2005-11-21 12:16:30,error,workerenv,4,mod_jk child workerEnv in error state 4
2005-11-21 12:16:30,error,workerenv,4,mod_jk child workerEnv in error state 4
2005-11-21 12:16:30,error,workerenv,4,mod_jk child workerEnv in error state 4
2005-11-21 12:16:30,error,workerenv,4,mod_jk child workerEnv in error state 4
2005-11-21 12:22:19,error,workerenv,4,mod_jk child workerEnv in error state 4
2005-11-21 12:22:19,error,workerenv,5,mod_jk child workerEnv in error state 5
2005-11-21 12:22:19,error,workerenv,4,mod_jk child workerEnv in error state 4
2005-11-21 12:22:19,error,workerenv,4,mod_jk child workerEnv in error state 4
2005-11-21 12:27:41,error,workerenv,4,mod_jk child workerEnv in error state 4
2005-11-21 12:27:41,error,workerenv,4,mod_jk child workerEnv in error state 4
2005-11-21 12:27:41,error,workerenv,5,mod_jk child workerEnv in error state 5
2005-11-21 12:27:43,error,workerenv,6,mod_jk child workerEnv in error state 6
2005-11-21 12:33:10,error,workerenv,5,mod_jk child workerEnv in error state 5
2005-11-21 12:33:10,error,workerenv,4,mod_jk child workerEnv in error state 4
2005-11-21 12:33:10,error,workerenv,4,mod_jk child workerEnv in error state 4
2005-11-21 12:33:10,error,workerenv,6,mod_jk child workerEnv in error state 6
2005-11-21 12:41:25,error,workerenv,6,mod_jk child workerEnv in error state 6
2005-11-21 12:41:29,error,workerenv,7,mod_jk child workerEnv in error state 7
2005-11-21 12:46:46,error,workerenv,5,mod_jk child workerEnv in error state 5
2005-11-21 14:20:35,error,workerenv,4,mod_jk child workerEnv in error state 4
2005-11-21 14:25:47,error,workerenv,4,mod_jk child workerEnv in error state 4
2005-11-21 14:31:05,error,workerenv,4,mod_jk child workerEnv in error state 4
2005-11-21 14:31:05,error,workerenv,4,mod_jk child workerEnv in error state 4
2005-11-21 14:37:09,error,workerenv,4,mod_jk child workerEnv in error state 4
2005-11-21 14:37:09,error,workerenv,5,mod_jk child workerEnv in error state 5
2005-11-21 14:37:09,error,workerenv,5,mod_jk child workerEnv in error state 5
2005-11-21 14:37:09,error,workerenv,4,mod_jk child workerEnv in error state 4
2005-11-21 14:43:05,error,workerenv,4,mod_jk child workerEnv in error state 4
2005-11-21 14:43:05,error,workerenv,4,mod_jk child workerEnv in error state 4
2005-11-21 14:43:05,error,workerenv,4,mod_jk child workerEnv in error state 4
2005-11-21 14:43:05,error,workerenv,5,mod_jk child workerEnv in error state 5
2005-11-21 14:49:37,error,workerenv,5,mod_jk child workerEnv in error state 5
2005-11-21 14:49:37,error,workerenv,5,mod_jk child workerEnv in error state 5
2005-11-21 14:49:37,error,workerenv,5,mod_jk child workerEnv in error state 5
2005-11-21 14:49:37,error,workerenv,5,mod_jk child workerEnv in error state 5
2005-11-21 14:52:02,error,workerenv,5,mod_jk child workerEnv in error state 5
2005-11-21 14:52:02,error,workerenv,5,mod_jk child workerEnv in error state 5
2005-11-21 14:52:02,error,workerenv,4,mod_jk child workerEnv in error state 4
2005-11-21 14:52:02,error,workerenv,4,mod_jk child workerEnv in error state 4
2005-11-21 14:56:32,error,workerenv,4,mod_jk child workerEnv in error state 4
2005-11-21 14:56:32,error,workerenv,4,mod_jk child workerEnv in error state 4
2005-11-21 14:56:32,error,workerenv,5,mod_jk child workerEnv in error state 5
2005-11-21 14:56:32,error,workerenv,4,mod_jk child workerEnv in error state 4
2005-11-21 15:02:17,error,workerenv,4,mod_jk child workerEnv in error state 4
2005-11-21 15:02:17,error,workerenv,4,mod_jk child workerEnv in error state 4
2005-11-21 15:02:17,error,workerenv,4,mod_jk child workerEnv in error state 4
2005-11-21 15:02:17,error,workerenv,4,mod_jk child workerEnv in error state 4
2005-11-21 15:06:52,error,workerenv,5,mod_jk child workerEnv in error state 5
2005-11-21 15:06:52,error,workerenv,5,mod_jk child workerEnv in error state 5
2005-11-21 15:06:52,error,workerenv,4,mod_jk child workerEnv in error state 4
2005-11-21 15:06:52,error,workerenv,4,mod_jk child workerEnv in error state 4
2005-11-21 15:13:08,error,workerenv,4,mod_jk child workerEnv in error state 4
2005-11-21 15:13:08,error,workerenv,5,mod_jk child workerEnv in error state 5
2005-11-21 15:13:08,error,workerenv,4,mod_jk child workerEnv in error state 4
2005-11-21 15:13:08,error,workerenv,4,mod_jk child workerEnv in error state 4
2005-11-21 15:17:20,error,workerenv,6,mod_jk child workerEnv in error state 6
2005-11-21 15:17:20,error,workerenv,7,mod_jk child workerEnv in error state 7
2005-11-21 15:17:20,error,workerenv,4,mod_jk child workerEnv in error state 4
2005-11-21 15:17:20,error,workerenv,4,mod_jk child workerEnv in error state 4
2005-11-21 15:21:53,error,workerenv,4,mod_jk child workerEnv in error state 4
2005-11-21 15:21:53,error,workerenv,4,mod_jk child workerEnv in error state 4
2005-11-21 15:21:53,error,workerenv,4,mod_jk child workerEnv in error state 4
2005-11-21 15:21:55,error,workerenv,4,mod_jk child workerEnv in error state 4
2005-11-21 15:28:17,error,workerenv,6,mod_jk child workerEnv in error state 6
2005-11-21 15:28:17,error,workerenv,5,mod_jk child workerEnv in error state 5
2005-11-21 15:28:17,error,workerenv,5,mod_jk child workerEnv in error state 5
2005-11-21 15:28:17,error,workerenv,5,mod_jk child workerEnv in error state 5
2005-11-21 15:33:04,error,workerenv,5,mod_jk child workerEnv in error state 5
2005-11-21 15:33:05,error,workerenv,4,mod_jk child workerEnv in error state 4
2005-11-21 15:33:05,error,workerenv,4,mod_jk child workerEnv in error state 4
2005-11-21 15:33:05,error,workerenv,5,mod_jk child workerEnv in error state 5
2005-11-21 15:36:26,error,workerenv,4,mod_jk child workerEnv in error state 4
2005-11-21 15:37:36,error,workerenv,4,mod_jk child workerEnv in error state 4
2005-11-21 15:37:43,error,workerenv,4,mod_jk child workerEnv in error state 4
2005-11-21 15:42:13,error,workerenv,6,mod_jk child workerEnv in error state 6
2005-11-21 15:42:13,error,workerenv,5,mod_jk child workerEnv in error state 5
2005-11-21 15:42:13,error,workerenv,5,mod_jk child workerEnv in error state 5
2005-11-21 16:09:05,error,workerenv,4,mod_jk child workerEnv in error state 4
2005-11-21 17:21:13,error,workerenv,4,mod_jk child workerEnv in error state 4
2005-11-21 17:21:13,error,workerenv,4,mod_jk child workerEnv in error state 4
2005-11-21 17:21:13,error,workerenv,4,mod_jk child workerEnv in error state 4
2005-11-21 17:27:26,error,workerenv,5,mod_jk child workerEnv in error state 5
2005-11-21 17:27:26,error,workerenv,4,mod_jk child workerEnv in error state 4
2005-11-21 17:27:26,error,workerenv,4,mod_jk child workerEnv in error state 4
2005-11-21 17:30:53,error,workerenv,4,mod_jk child workerEnv in error state 4
2005-11-21 17:30:53,error,workerenv,4,mod_jk child workerEnv in error state 4
2005-11-21 17:30:53,error,workerenv,4,mod_jk child workerEnv in error state 4
2005-11-21 17:34:15,error,workerenv,4,mod_jk child workerEnv in error state 4
2005-11-21 17:36:12,error,workerenv,4,mod_jk child workerEnv in error state 4
2005-11-21 17:36:12,error,workerenv,4,mod_jk child workerEnv in error state 4
2005-11-21 17:41:03,error,workerenv,4,mod_jk child workerEnv in error state 4
2005-11-21 17:41:03,error,workerenv,4,mod_jk child workerEnv in error state 4
2005-11-21 17:41:11,error,workerenv,5,mod_jk child workerEnv in error state 5
2005-11-21 17:46:06,error,workerenv,4,mod_jk child workerEnv in error state 4
2005-11-21 17:46:06,error,workerenv,4,mod_jk child workerEnv in error state 4
2005-11-21 17:46:06,error,workerenv,4,mod_jk child workerEnv in error state 4
2005-11-21 17:52:56,error,workerenv,5,mod_jk child workerEnv in error state 5
2005-11-21 17:52:56,error,workerenv,4,mod_jk child workerEnv in error state 4
2005-11-21 17:52:56,error,workerenv,4,mod_jk child workerEnv in error state 4
2005-11-21 17:56:10,error,workerenv,5,mod_jk child workerEnv in error state 5
2005-11-21 17:56:10,error,workerenv,5,mod_jk child workerEnv in error state 5
2005-11-21 17:56:10,error,workerenv,5,mod_jk child workerEnv in error state 5
2005-11-21 18:01:34,error,workerenv,4,mod_jk child workerEnv in error state 4
2005-11-21 18:02:17,error,workerenv,5,mod_jk child workerEnv in error state 5
2005-11-21 18:02:17,error,workerenv,5,mod_jk child workerEnv in error state 5
2005-11-21 18:02:17,error,workerenv,4,mod_jk child workerEnv in error state 4
2005-11-21 18:11:43,error,workerenv,5,mod_jk child workerEnv in error state 5
2005-11-21 18:11:43,error,workerenv,5,mod_jk child workerEnv in error state 5
2005-11-21 18:11:43,error,workerenv,4,mod_jk child workerEnv in error state 4
2005-11-21 18:18:30,error,workerenv,5,mod_jk child workerEnv in error state 5
2005-11-21 18:18:30,error,workerenv,5,mod_jk child workerEnv in error state 5
2005-11-21 18:18:30,error,workerenv,5,mod_jk child workerEnv in error state 5
2005-11-21 18:23:41,error,workerenv,5,mod_jk child workerEnv in error state 5
2005-11-21 18:23:41,error,workerenv,4,mod_jk child workerEnv in error state 4
2005-11-21 18:23:41,error,workerenv,4,mod_jk child workerEnv in error state 4
2005-11-21 20:15:57,error,workerenv,4,mod_jk child workerEnv in error state 4
2005-11-21 20:20:54,error,workerenv,4,mod_jk child workerEnv in error state 4
2005-11-21 20:25:57,error,workerenv,4,mod_jk child workerEnv in error state 4
2005-11-21 20:25:57,error,workerenv,4,mod_jk child workerEnv in error state 4
2005-11-21 20:31:00,error,workerenv,4,mod_jk child workerEnv in error state 4
2005-11-21 20:31:00,error,workerenv,4,mod_jk child workerEnv in error state 4
2005-11-21 20:35:58,error,workerenv,4,mod_jk child workerEnv in error state 4
2005-11-21 20:35:58,error,workerenv,4,mod_jk child workerEnv in error state 4
2005-11-21 20:40:48,error,workerenv,4,mod_jk child workerEnv in error state 4
2005-11-21 20:40:48,error,workerenv,4,mod_jk child workerEnv in error state 4
2005-11-21 20:45:54,error,workerenv,4,mod_jk child workerEnv in error state 4
2005-11-21 20:45:54,error,workerenv,4,mod_jk child workerEnv in error state 4
2005-11-21 20:49:07,error,workerenv,4,mod_jk child workerEnv in error state 4
2005-11-21 20:50:54,error,workerenv,4,mod_jk child workerEnv in error state 4
2005-11-21 20:50:54,error,workerenv,4,mod_jk child workerEnv in error state 4
2005-11-21 20:55:55,error,workerenv,5,mod_jk child workerEnv in error state 5
2005-11-21 20:55:55,error,workerenv,5,mod_jk child workerEnv in error state 5
2005-11-21 21:00:56,error,workerenv,4,mod_jk child workerEnv in error state 4
2005-11-21 21:00:56,error,workerenv,4,mod_jk child workerEnv in error state 4
2005-11-21 21:05:55,error,workerenv,4,mod_jk child workerEnv in error state 4
2005-11-21 21:05:55,error,workerenv,4,mod_jk child workerEnv in error state 4
2005-11-21 21:12:45,error,workerenv,5,mod_jk child workerEnv in error state 5
2005-11-21 21:12:45,error,workerenv,4,mod_jk child workerEnv in error state 4
2005-11-21 21:12:45,error,workerenv,4,mod_jk child workerEnv in error state 4
2005-11-21 23:10:37,error,workerenv,4,mod_jk child workerEnv in error state 4
2005-11-21 23:16:04,error,workerenv,4,mod_jk child workerEnv in error state 4
2005-11-21 23:20:47,error,workerenv,4,mod_jk child workerEnv in error state 4
2005-11-21 23:25:58,error,workerenv,4,mod_jk child workerEnv in error state 4
2005-11-21 23:25:58,error,workerenv,4,mod_jk child workerEnv in error state 4
2005-11-21 23:31:22,error,workerenv,4,mod_jk child workerEnv in error state 4
2005-11-21 23:31:22,error,workerenv,4,mod_jk child workerEnv in error state 4
2005-11-21 23:32:03,error,workerenv,4,mod_jk child workerEnv in error state 4
2005-11-21 23:36:57,error,workerenv,4,mod_jk child workerEnv in error state 4
2005-11-21 23:36:57,error,workerenv,4,mod_jk child workerEnv in error state 4
2005-11-21 23:38:48,error,workerenv,4,mod_jk child workerEnv in error state 4
2005-11-21 23:41:05,error,workerenv,4,mod_jk child workerEnv in error state 4
2005-11-21 23:42:33,error,workerenv,4,mod_jk child workerEnv in error state 4
2005-11-21 23:42:33,error,workerenv,5,mod_jk child workerEnv in error state 5
2005-11-21 23:42:35,error,workerenv,4,mod_jk child workerEnv in error state 4
2005-11-21 23:42:35,error,workerenv,4,mod_jk child workerEnv in error state 4
2005-11-21 23:42:36,error,workerenv,4,mod_jk child workerEnv in error state 4
2005-11-22 00:15:40,error,workerenv,4,mod_jk child workerEnv in error state 4
2005-11-22 00:20:45,error,workerenv,4,mod_jk child workerEnv in error state 4
2005-11-22 00:25:50,error,workerenv,4,mod_jk child workerEnv in error state 4
2005-11-22 00:30:49,error,workerenv,4,mod_jk child workerEnv in error state 4
2005-11-22 00:36:21,error,workerenv,4,mod_jk child workerEnv in error state 4
2005-11-22 00:46:21,error,workerenv,4,mod_jk child workerEnv in error state 4
2005-11-22 00:59:21,error,workerenv,4,mod_jk child workerEnv in error state 4
2005-11-22 00:59:22,error,workerenv,4,mod_jk child workerEnv in error state 4
2005-11-22 00:59:24,error,workerenv,4,mod_jk child workerEnv in error state 4
2005-11-22 01:16:00,error,workerenv,4,mod_jk child workerEnv in error state 4
2005-11-22 01:20:44,error,workerenv,4,mod_jk child workerEnv in error state 4
2005-11-22 01:25:40,error,workerenv,4,mod_jk child workerEnv in error state 4
2005-11-22 01:30:42,error,workerenv,4,mod_jk child workerEnv in error state 4
2005-11-22 01:36:03,error,workerenv,4,mod_jk child workerEnv in error state 4
2005-11-22 01:41:13,error,workerenv,5,mod_jk child workerEnv in error state 5
2005-11-22 01:50:21,error,workerenv,4,mod_jk child workerEnv in error state 4
2005-11-22 02:07:58,error,workerenv,4,mod_jk child workerEnv in error state 4
2005-11-22 02:15:53,error,workerenv,4,mod_jk child workerEnv in error state 4
2005-11-22 02:20:45,error,workerenv,4,mod_jk child workerEnv in error state 4
2005-11-22 02:25:48,error,workerenv,4,mod_jk child workerEnv in error state 4
2005-11-22 02:31:00,error,workerenv,4,mod_jk child workerEnv in error state 4
2005-11-22 02:36:29,error,workerenv,4,mod_jk child workerEnv in error state 4
2005-11-22 02:40:34,error,workerenv,4,mod_jk child workerEnv in error state 4
2005-11-22 02:42:57,error,workerenv,4,mod_jk child workerEnv in error state 4
2005-11-22 03:00:50,error,workerenv,4,mod_jk child workerEnv in error state 4
2005-11-22 03:15:41,error,workerenv,4,mod_jk child workerEnv in error state 4
2005-11-22 03:20:36,error,workerenv,4,mod_jk child workerEnv in error state 4
2005-11-22 03:26:14,error,workerenv,4,mod_jk child workerEnv in error state 4
2005-11-22 03:30:49,error,workerenv,4,mod_jk child workerEnv in error state 4
2005-11-22 03:36:21,error,workerenv,4,mod_jk child workerEnv in error state 4
2005-11-22 03:40:23,error,workerenv,4,mod_jk child workerEnv in error state 4
2005-11-22 04:00:20,error,workerenv,4,mod_jk child workerEnv in error state 4
2005-11-22 04:06:08,error,workerenv,4,mod_jk child workerEnv in error state 4
2005-11-22 04:12:09,error,workerenv,4,mod_jk child workerEnv in error state 4
2005-11-22 04:55:49,error,workerenv,4,mod_jk child workerEnv in error state 4
2005-11-22 05:01:14,error,workerenv,4,mod_jk child workerEnv in error state 4
2005-11-22 05:07:03,error,workerenv,4,mod_jk child workerEnv in error state 4
2005-11-22 05:10:28,error,workerenv,4,mod_jk child workerEnv in error state 4
2005-11-22 05:35:57,error,workerenv,4,mod_jk child workerEnv in error state 4
2005-11-22 05:38:38,error,workerenv,4,mod_jk child workerEnv in error state 4
2005-11-22 05:38:40,error,workerenv,4,mod_jk child workerEnv in error state 4
2005-11-22 05:38:41,error,workerenv,4,mod_jk child workerEnv in error state 4
2005-11-22 05:38:41,error,workerenv,4,mod_jk child workerEnv in error state 4
2005-11-22 05:38:41,error,workerenv,4,mod_jk child workerEnv in error state 4
2005-11-22 05:38:42,error,workerenv,4,mod_jk child workerEnv in error state 4
2005-11-22 05:38:42,error,workerenv,4,mod_jk child workerEnv in error state 4
2005-11-22 05:38:42,error,workerenv,4,mod_jk child workerEnv in error state 4
2005-11-22 05:38:42,error,workerenv,4,mod_jk child workerEnv in error state 4
2005-11-22 05:39:15,error,workerenv,4,mod_jk child workerEnv in error state 4
2005-11-22 05:39:43,error,workerenv,4,mod_jk child workerEnv in error state 4
2005-11-22 05:40:12,error,workerenv,4,mod_jk child workerEnv in error state 4
2005-11-22 05:41:18,error,workerenv,4,mod_jk child workerEnv in error state 4
2005-11-22 05:42:52,error,workerenv,4,mod_jk child workerEnv in error state 4
2005-11-22 05:43:36,error,workerenv,4,mod_jk child workerEnv in error state 4
2005-11-22 06:03:48,error,workerenv,4,mod_jk child workerEnv in error state 4
2005-11-22 06:04:06,error,workerenv,4,mod_jk child workerEnv in error state 4
2005-11-22 06:35:55,error,workerenv,4,mod_jk child workerEnv in error state 4
2005-11-22 06:45:40,error,workerenv,4,mod_jk child workerEnv in error state 4
2005-11-22 07:00:26,error,workerenv,4,mod_jk child workerEnv in error state 4
2005-11-22 07:10:48,error,workerenv,4,mod_jk child workerEnv in error state 4
2005-11-22 07:15:39,error,workerenv,4,mod_jk child workerEnv in error state 4
2005-11-22 07:20:36,error,workerenv,4,mod_jk child workerEnv in error state 4
2005-11-22 07:25:49,error,workerenv,4,mod_jk child workerEnv in error state 4
2005-11-22 07:30:50,error,workerenv,4,mod_jk child workerEnv in error state 4
2005-11-22 07:37:09,error,workerenv,4,mod_jk child workerEnv in error state 4
2005-11-22 08:13:14,error,workerenv,4,mod_jk child workerEnv in error state 4
2005-11-22 08:35:34,error,workerenv,4,mod_jk child workerEnv in error state 4
2005-11-22 08:45:27,error,workerenv,4,mod_jk child workerEnv in error state 4
2005-11-22 08:55:30,error,workerenv,4,mod_jk child workerEnv in error state 4
2005-11-22 09:00:34,error,workerenv,4,mod_jk child workerEnv in error state 4
2005-11-22 09:05:24,error,workerenv,4,mod_jk child workerEnv in error state 4
2005-11-22 09:10:46,error,workerenv,4,mod_jk child workerEnv in error state 4
2005-11-22 09:15:44,error,workerenv,4,mod_jk child workerEnv in error state 4
2005-11-22 09:20:45,error,workerenv,4,mod_jk child workerEnv in error state 4
2005-11-22 09:26:08,error,workerenv,4,mod_jk child workerEnv in error state 4
2005-11-22 09:32:07,error,workerenv,4,mod_jk child workerEnv in error state 4
2005-11-22 09:36:30,error,workerenv,4,mod_jk child workerEnv in error state 4
2005-11-22 09:59:56,error,workerenv,4,mod_jk child workerEnv in error state 4
2005-11-22 10:35:32,error,workerenv,4,mod_jk child workerEnv in error state 4
2005-11-22 10:40:36,error,workerenv,4,mod_jk child workerEnv in error state 4
2005-11-22 10:45:35,error,workerenv,4,mod_jk child workerEnv in error state 4
2005-11-22 10:50:26,error,workerenv,4,mod_jk child workerEnv in error state 4
2005-11-22 11:00:28,error,workerenv,4,mod_jk child workerEnv in error state 4
2005-11-22 11:10:38,error,workerenv,4,mod_jk child workerEnv in error state 4
2005-11-22 11:15:55,error,workerenv,4,mod_jk child workerEnv in error state 4
2005-11-22 11:20:42,error,workerenv,4,mod_jk child workerEnv in error state 4
2005-11-22 11:26:05,error,workerenv,4,mod_jk child workerEnv in error state 4
2005-11-22 11:31:31,error,workerenv,4,mod_jk child workerEnv in error state 4
2005-11-22 11:40:30,error,workerenv,4,mod_jk child workerEnv in error state 4
2005-11-22 11:50:28,error,workerenv,4,mod_jk child workerEnv in error state 4
2005-11-22 12:00:26,error,workerenv,4,mod_jk child workerEnv in error state 4
2005-11-22 12:05:33,error,workerenv,4,mod_jk child workerEnv in error state 4
2005-11-22 12:10:46,error,workerenv,4,mod_jk child workerEnv in error state 4
2005-11-22 12:15:45,error,workerenv,4,mod_jk child workerEnv in error state 4
2005-11-22 12:20:57,error,workerenv,4,mod_jk child workerEnv in error state 4
2005-11-22 12:26:23,error,workerenv,4,mod_jk child workerEnv in error state 4
2005-11-22 12:41:05,error,workerenv,4,mod_jk child workerEnv in error state 4
2005-11-22 12:45:30,error,workerenv,4,mod_jk child workerEnv in error state 4
2005-11-22 13:00:21,error,workerenv,4,mod_jk child workerEnv in error state 4
2005-11-22 13:05:26,error,workerenv,4,mod_jk child workerEnv in error state 4
2005-11-22 13:10:50,error,workerenv,4,mod_jk child workerEnv in error state 4
2005-11-22 13:15:45,error,workerenv,4,mod_jk child workerEnv in error state 4
2005-11-22 13:20:50,error,workerenv,4,mod_jk child workerEnv in error state 4
2005-11-22 13:26:03,error,workerenv,4,mod_jk child workerEnv in error state 4
2005-11-22 13:31:47,error,workerenv,4,mod_jk child workerEnv in error state 4
2005-11-22 13:40:27,error,workerenv,4,mod_jk child workerEnv in error state 4
2005-11-22 13:45:29,error,workerenv,4,mod_jk child workerEnv in error state 4
2005-11-22 13:50:28,error,workerenv,4,mod_jk child workerEnv in error state 4
2005-11-22 14:00:30,error,workerenv,4,mod_jk child workerEnv in error state 4
2005-11-22 14:10:42,error,workerenv,4,mod_jk child workerEnv in error state 4
2005-11-22 14:15:51,error,workerenv,4,mod_jk child workerEnv in error state 4
2005-11-22 14:20:49,error,workerenv,4,mod_jk child workerEnv in error state 4
2005-11-22 14:26:06,error,workerenv,4,mod_jk child workerEnv in error state 4
2005-11-22 14:31:48,error,workerenv,4,mod_jk child workerEnv in error state 4
2005-11-22 14:40:31,error,workerenv,4,mod_jk child workerEnv in error state 4
2005-11-22 14:45:27,error,workerenv,4,mod_jk child workerEnv in error state 4
2005-11-22 14:50:30,error,workerenv,4,mod_jk child workerEnv in error state 4
2005-11-22 14:55:29,error,workerenv,4,mod_jk child workerEnv in error state 4
2005-11-22 15:00:33,error,workerenv,4,mod_jk child workerEnv in error state 4
2005-11-22 15:10:41,error,workerenv,4,mod_jk child workerEnv in error state 4
2005-11-22 15:15:37,error,workerenv,4,mod_jk child workerEnv in error state 4
2005-11-22 15:20:58,error,workerenv,4,mod_jk child workerEnv in error state 4
2005-11-22 15:21:04,error,workerenv,4,mod_jk child workerEnv in error state 4
2005-11-22 15:26:24,error,workerenv,4,mod_jk child workerEnv in error state 4
2005-11-22 15:31:29,error,workerenv,4,mod_jk child workerEnv in error state 4
2005-11-22 15:35:33,error,workerenv,4,mod_jk child workerEnv in error state 4
2005-11-22 15:40:41,error,workerenv,4,mod_jk child workerEnv in error state 4
2005-11-22 15:42:52,error,workerenv,4,mod_jk child workerEnv in error state 4
2005-11-22 15:42:53,error,workerenv,4,mod_jk child workerEnv in error state 4
2005-11-22 15:42:53,error,workerenv,4,mod_jk child workerEnv in error state 4
2005-11-22 15:55:30,error,workerenv,4,mod_jk child workerEnv in error state 4
2005-11-22 16:00:37,error,workerenv,4,mod_jk child workerEnv in error state 4
2005-11-22 16:00:56,error,workerenv,4,mod_jk child workerEnv in error state 4
2005-11-22 16:05:39,error,workerenv,4,mod_jk child workerEnv in error state 4
2005-11-22 16:10:35,error,workerenv,4,mod_jk child workerEnv in error state 4
2005-11-22 16:15:49,error,workerenv,4,mod_jk child workerEnv in error state 4
2005-11-22 16:21:03,error,workerenv,4,mod_jk child workerEnv in error state 4
2005-11-22 16:22:10,error,workerenv,4,mod_jk child workerEnv in error state 4
2005-11-22 16:27:23,error,workerenv,4,mod_jk child workerEnv in error state 4
2005-11-22 16:40:42,error,workerenv,4,mod_jk child workerEnv in error state 4
2005-11-22 16:50:45,error,workerenv,4,mod_jk child workerEnv in error state 4
2005-11-22 16:55:28,error,workerenv,4,mod_jk child workerEnv in error state 4
2005-11-22 16:56:43,error,workerenv,4,mod_jk child workerEnv in error state 4
2005-11-22 17:00:50,error,workerenv,4,mod_jk child workerEnv in error state 4
2005-11-22 17:10:47,error,workerenv,4,mod_jk child workerEnv in error state 4
2005-11-22 17:15:52,error,workerenv,4,mod_jk child workerEnv in error state 4
2005-11-22 17:21:08,error,workerenv,4,mod_jk child workerEnv in error state 4
2005-11-22 17:26:20,error,workerenv,4,mod_jk child workerEnv in error state 4
2005-11-22 17:31:44,error,workerenv,4,mod_jk child workerEnv in error state 4
2005-11-22 18:25:48,error,workerenv,4,mod_jk child workerEnv in error state 4
2005-11-22 18:30:35,error,workerenv,4,mod_jk child workerEnv in error state 4
2005-11-22 18:35:45,error,workerenv,4,mod_jk child workerEnv in error state 4
2005-11-22 18:40:38,error,workerenv,4,mod_jk child workerEnv in error state 4
2005-11-22 18:45:42,error,workerenv,4,mod_jk child workerEnv in error state 4
2005-11-22 18:48:54,error,workerenv,4,mod_jk child workerEnv in error state 4
2005-11-22 18:50:42,error,workerenv,4,mod_jk child workerEnv in error state 4
2005-11-22 18:55:42,error,workerenv,4,mod_jk child workerEnv in error state 4
2005-11-22 19:00:31,error,workerenv,4,mod_jk child workerEnv in error state 4
2005-11-22 19:04:51,error,workerenv,4,mod_jk child workerEnv in error state 4
2005-11-22 19:05:45,error,workerenv,4,mod_jk child workerEnv in error state 4
2005-11-22 19:10:39,error,workerenv,4,mod_jk child workerEnv in error state 4
2005-11-22 19:15:49,error,workerenv,4,mod_jk child workerEnv in error state 4
2005-11-22 19:20:46,error,workerenv,4,mod_jk child workerEnv in error state 4
2005-11-22 19:27:13,error,workerenv,4,mod_jk child workerEnv in error state 4
2005-11-22 20:07:22,error,workerenv,4,mod_jk child workerEnv in error state 4
2005-11-22 21:13:12,error,workerenv,4,mod_jk child workerEnv in error state 4
2005-11-22 21:14:44,error,workerenv,4,mod_jk child workerEnv in error state 4
2005-11-22 21:16:16,error,workerenv,4,mod_jk child workerEnv in error state 4
2005-11-22 21:21:07,error,workerenv,4,mod_jk child workerEnv in error state 4
2005-11-22 21:21:08,error,workerenv,4,mod_jk child workerEnv in error state 4
2005-11-22 21:24:09,error,workerenv,4,mod_jk child workerEnv in error state 4
2005-11-22 21:26:01,error,workerenv,4,mod_jk child workerEnv in error state 4
2005-11-22 21:26:51,error,workerenv,4,mod_jk child workerEnv in error state 4
2005-11-22 21:29:54,error,workerenv,4,mod_jk child workerEnv in error state 4
2005-11-22 21:31:27,error,workerenv,4,mod_jk child workerEnv in error state 4
2005-11-22 21:32:06,error,workerenv,4,mod_jk child workerEnv in error state 4
2005-11-22 21:36:03,error,workerenv,4,mod_jk child workerEnv in error state 4
2005-11-22 21:40:45,error,workerenv,4,mod_jk child workerEnv in error state 4
2005-11-22 21:45:32,error,workerenv,4,mod_jk child workerEnv in error state 4
2005-11-22 21:50:36,error,workerenv,4,mod_jk child workerEnv in error state 4
2005-11-22 21:55:42,error,workerenv,4,mod_jk child workerEnv in error state 4
2005-11-22 21:57:35,error,workerenv,4,mod_jk child workerEnv in error state 4
2005-11-22 22:00:46,error,workerenv,4,mod_jk child workerEnv in error state 4
2005-11-22 22:05:26,error,workerenv,4,mod_jk child workerEnv in error state 4
2005-11-22 22:10:49,error,workerenv,4,mod_jk child workerEnv in error state 4
2005-11-22 22:15:46,error,workerenv,4,mod_jk child workerEnv in error state 4
2005-11-22 22:21:21,error,workerenv,4,mod_jk child workerEnv in error state 4
2005-11-22 23:03:16,error,workerenv,4,mod_jk child workerEnv in error state 4
2005-11-22 23:30:46,error,workerenv,4,mod_jk child workerEnv in error state 4
2005-11-22 23:35:41,error,workerenv,4,mod_jk child workerEnv in error state 4
2005-11-22 23:40:47,error,workerenv,4,mod_jk child workerEnv in error state 4
2005-11-22 23:45:36,error,workerenv,4,mod_jk child workerEnv in error state 4
2005-11-22 23:50:31,error,workerenv,4,mod_jk child workerEnv in error state 4
2005-11-22 23:55:35,error,workerenv,4,mod_jk child workerEnv in error state 4
2005-11-23 00:00:34,error,workerenv,4,mod_jk child workerEnv in error state 4
2005-11-23 00:05:34,error,workerenv,4,mod_jk child workerEnv in error state 4
2005-11-23 00:10:53,error,workerenv,4,mod_jk child workerEnv in error state 4
2005-11-23 00:16:07,error,workerenv,4,mod_jk child workerEnv in error state 4
2005-11-23 00:21:36,error,workerenv,4,mod_jk child workerEnv in error state 4
2005-11-23 00:23:27,error,workerenv,4,mod_jk child workerEnv in error state 4
2005-11-23 00:30:46,error,workerenv,4,mod_jk child workerEnv in error state 4
2005-11-23 00:35:46,error,workerenv,4,mod_jk child workerEnv in error state 4
2005-11-23 00:40:56,error,workerenv,4,mod_jk child workerEnv in error state 4
2005-11-23 00:41:23,error,workerenv,4,mod_jk child workerEnv in error state 4
2005-11-23 00:45:50,error,workerenv,4,mod_jk child workerEnv in error state 4
2005-11-23 00:50:32,error,workerenv,4,mod_jk child workerEnv in error state 4
2005-11-23 00:55:32,error,workerenv,4,mod_jk child workerEnv in error state 4
2005-11-23 01:00:30,error,workerenv,4,mod_jk child workerEnv in error state 4
2005-11-23 01:05:30,error,workerenv,4,mod_jk child workerEnv in error state 4
2005-11-23 01:10:42,error,workerenv,4,mod_jk child workerEnv in error state 4
2005-11-23 01:16:25,error,workerenv,4,mod_jk child workerEnv in error state 4
2005-11-23 01:25:39,error,workerenv,4,mod_jk child workerEnv in error state 4
2005-11-23 01:30:43,error,workerenv,4,mod_jk child workerEnv in error state 4
2005-11-23 01:35:55,error,workerenv,4,mod_jk child workerEnv in error state 4
2005-11-23 01:40:39,error,workerenv,4,mod_jk child workerEnv in error state 4
2005-11-23 01:45:35,error,workerenv,4,mod_jk child workerEnv in error state 4
2005-11-23 01:46:53,error,workerenv,4,mod_jk child workerEnv in error state 4
2005-11-23 01:50:52,error,workerenv,4,mod_jk child workerEnv in error state 4
2005-11-23 01:55:27,error,workerenv,4,mod_jk child workerEnv in error state 4
2005-11-23 02:00:29,error,workerenv,4,mod_jk child workerEnv in error state 4
2005-11-23 02:05:36,error,workerenv,4,mod_jk child workerEnv in error state 4
2005-11-23 02:10:42,error,workerenv,4,mod_jk child workerEnv in error state 4
2005-11-23 02:16:03,error,workerenv,4,mod_jk child workerEnv in error state 4
2005-11-23 02:21:37,error,workerenv,4,mod_jk child workerEnv in error state 4
2005-11-23 03:06:22,error,workerenv,4,mod_jk child workerEnv in error state 4
2005-11-23 03:25:37,error,workerenv,4,mod_jk child workerEnv in error state 4
2005-11-23 03:30:47,error,workerenv,4,mod_jk child workerEnv in error state 4
2005-11-23 03:35:51,error,workerenv,4,mod_jk child workerEnv in error state 4
2005-11-23 03:37:31,error,workerenv,4,mod_jk child workerEnv in error state 4
2005-11-23 03:40:53,error,workerenv,4,mod_jk child workerEnv in error state 4
2005-11-23 03:45:29,error,workerenv,4,mod_jk child workerEnv in error state 4
2005-11-23 03:46:28,error,workerenv,4,mod_jk child workerEnv in error state 4
2005-11-23 03:50:47,error,workerenv,4,mod_jk child workerEnv in error state 4
2005-11-23 03:55:35,error,workerenv,4,mod_jk child workerEnv in error state 4
2005-11-23 04:00:37,error,workerenv,4,mod_jk child workerEnv in error state 4
2005-11-23 04:07:19,error,workerenv,4,mod_jk child workerEnv in error state 4
2005-11-23 04:12:25,error,workerenv,4,mod_jk child workerEnv in error state 4
2005-11-23 04:45:47,error,workerenv,4,mod_jk child workerEnv in error state 4
2005-11-23 04:51:04,error,workerenv,4,mod_jk child workerEnv in error state 4
2005-11-23 04:56:10,error,workerenv,4,mod_jk child workerEnv in error state 4
2005-11-23 05:01:27,error,workerenv,4,mod_jk child workerEnv in error state 4
2005-11-23 05:15:34,error,workerenv,4,mod_jk child workerEnv in error state 4
2005-11-23 05:20:36,error,workerenv,4,mod_jk child workerEnv in error state 4
2005-11-23 05:25:41,error,workerenv,4,mod_jk child workerEnv in error state 4
2005-11-23 05:30:56,error,workerenv,4,mod_jk child workerEnv in error state 4
2005-11-23 05:36:03,error,workerenv,4,mod_jk child workerEnv in error state 4
2005-11-23 05:40:39,error,workerenv,4,mod_jk child workerEnv in error state 4
2005-11-23 05:45:35,error,workerenv,4,mod_jk child workerEnv in error state 4
2005-11-23 05:50:33,error,workerenv,4,mod_jk child workerEnv in error state 4
2005-11-23 05:55:33,error,workerenv,4,mod_jk child workerEnv in error state 4
2005-11-23 06:00:35,error,workerenv,4,mod_jk child workerEnv in error state 4
2005-11-23 06:10:51,error,workerenv,4,mod_jk child workerEnv in error state 4
2005-11-23 06:17:43,error,workerenv,4,mod_jk child workerEnv in error state 4
2005-11-23 07:00:19,error,workerenv,4,mod_jk child workerEnv in error state 4
2005-11-23 07:20:46,error,workerenv,4,mod_jk child workerEnv in error state 4
2005-11-23 07:22:39,error,workerenv,4,mod_jk child workerEnv in error state 4
2005-11-23 07:30:41,error,workerenv,4,mod_jk child workerEnv in error state 4
2005-11-23 07:35:45,error,workerenv,4,mod_jk child workerEnv in error state 4
2005-11-23 07:40:44,error,workerenv,4,mod_jk child workerEnv in error state 4
2005-11-23 07:45:46,error,workerenv,4,mod_jk child workerEnv in error state 4
2005-11-23 07:50:38,error,workerenv,4,mod_jk child workerEnv in error state 4
2005-11-23 07:55:57,error,workerenv,4,mod_jk child workerEnv in error state 4
2005-11-23 08:00:57,error,workerenv,4,mod_jk child workerEnv in error state 4
2005-11-23 08:05:32,error,workerenv,4,mod_jk child workerEnv in error state 4
2005-11-23 08:11:03,error,workerenv,4,mod_jk child workerEnv in error state 4
2005-11-23 08:17:22,error,workerenv,4,mod_jk child workerEnv in error state 4
2005-11-23 08:22:15,error,workerenv,4,mod_jk child workerEnv in error state 4
2005-11-23 09:00:30,error,workerenv,4,mod_jk child workerEnv in error state 4
2005-11-23 09:01:10,error,workerenv,4,mod_jk child workerEnv in error state 4
2005-11-23 09:15:47,error,workerenv,4,mod_jk child workerEnv in error state 4
2005-11-23 09:20:39,error,workerenv,4,mod_jk child workerEnv in error state 4
2005-11-23 09:25:43,error,workerenv,4,mod_jk child workerEnv in error state 4
2005-11-23 09:30:50,error,workerenv,4,mod_jk child workerEnv in error state 4
2005-11-23 09:35:40,error,workerenv,4,mod_jk child workerEnv in error state 4
2005-11-23 09:41:19,error,workerenv,4,mod_jk child workerEnv in error state 4
2005-11-23 09:45:44,error,workerenv,4,mod_jk child workerEnv in error state 4
2005-11-23 09:50:49,error,workerenv,4,mod_jk child workerEnv in error state 4
2005-11-23 09:55:51,error,workerenv,4,mod_jk child workerEnv in error state 4
2005-11-23 10:01:05,error,workerenv,4,mod_jk child workerEnv in error state 4
2005-11-23 10:06:22,error,workerenv,4,mod_jk child workerEnv in error state 4
2005-11-23 10:11:40,error,workerenv,4,mod_jk child workerEnv in error state 4
2005-11-23 10:20:33,error,workerenv,4,mod_jk child workerEnv in error state 4
2005-11-23 10:21:57,error,workerenv,4,mod_jk child workerEnv in error state 4
2005-11-23 10:30:51,error,workerenv,4,mod_jk child workerEnv in error state 4
2005-11-23 10:35:54,error,workerenv,4,mod_jk child workerEnv in error state 4
2005-11-23 10:41:28,error,workerenv,4,mod_jk child workerEnv in error state 4
2005-11-23 10:52:09,error,workerenv,4,mod_jk child workerEnv in error state 4
2005-11-23 11:15:45,error,workerenv,4,mod_jk child workerEnv in error state 4
2005-11-23 11:20:41,error,workerenv,4,mod_jk child workerEnv in error state 4
2005-11-23 11:25:41,error,workerenv,4,mod_jk child workerEnv in error state 4
2005-11-23 11:31:05,error,workerenv,4,mod_jk child workerEnv in error state 4
2005-11-23 11:36:05,error,workerenv,4,mod_jk child workerEnv in error state 4
2005-11-23 11:41:27,error,workerenv,4,mod_jk child workerEnv in error state 4
2005-11-23 12:38:02,error,workerenv,4,mod_jk child workerEnv in error state 4
2005-11-23 13:16:48,error,workerenv,4,mod_jk child workerEnv in error state 4
2005-11-23 13:20:41,error,workerenv,4,mod_jk child workerEnv in error state 4
2005-11-23 13:25:42,error,workerenv,4,mod_jk child workerEnv in error state 4
2005-11-23 13:30:38,error,workerenv,4,mod_jk child workerEnv in error state 4
2005-11-23 13:35:59,error,workerenv,4,mod_jk child workerEnv in error state 4
2005-11-23 13:41:55,error,workerenv,5,mod_jk child workerEnv in error state 5
2005-11-23 13:49:17,error,workerenv,4,mod_jk child workerEnv in error state 4
2005-11-23 14:20:45,error,workerenv,4,mod_jk child workerEnv in error state 4
2005-11-23 14:25:48,error,workerenv,4,mod_jk child workerEnv in error state 4
2005-11-23 14:31:02,error,workerenv,4,mod_jk child workerEnv in error state 4
2005-11-23 14:36:15,error,workerenv,4,mod_jk child workerEnv in error state 4
2005-11-23 14:41:37,error,workerenv,4,mod_jk child workerEnv in error state 4
2005-11-23 14:46:11,error,workerenv,4,mod_jk child workerEnv in error state 4
2005-11-23 14:51:41,error,workerenv,4,mod_jk child workerEnv in error state 4
2005-11-23 14:57:48,error,workerenv,4,mod_jk child workerEnv in error state 4
2005-11-23 15:36:05,error,workerenv,4,mod_jk child workerEnv in error state 4
2005-11-23 16:10:40,error,workerenv,4,mod_jk child workerEnv in error state 4
2005-11-23 16:15:49,error,workerenv,4,mod_jk child workerEnv in error state 4
2005-11-23 16:21:08,error,workerenv,4,mod_jk child workerEnv in error state 4
2005-11-23 16:26:04,error,workerenv,4,mod_jk child workerEnv in error state 4
2005-11-23 16:30:54,error,workerenv,4,mod_jk child workerEnv in error state 4
2005-11-23 16:36:03,error,workerenv,4,mod_jk child workerEnv in error state 4
2005-11-23 16:42:02,error,workerenv,5,mod_jk child workerEnv in error state 5
2005-11-23 17:37:30,error,workerenv,4,mod_jk child workerEnv in error state 4
2005-11-23 18:40:38,error,workerenv,4,mod_jk child workerEnv in error state 4
2005-11-23 18:44:54,error,workerenv,4,mod_jk child workerEnv in error state 4
2005-11-23 18:46:05,error,workerenv,4,mod_jk child workerEnv in error state 4
2005-11-23 18:55:24,error,workerenv,4,mod_jk child workerEnv in error state 4
2005-11-23 19:10:44,error,workerenv,4,mod_jk child workerEnv in error state 4
2005-11-23 19:15:45,error,workerenv,4,mod_jk child workerEnv in error state 4
2005-11-23 19:20:54,error,workerenv,4,mod_jk child workerEnv in error state 4
2005-11-23 19:25:47,error,workerenv,4,mod_jk child workerEnv in error state 4
2005-11-23 19:31:01,error,workerenv,4,mod_jk child workerEnv in error state 4
2005-11-23 19:36:36,error,workerenv,4,mod_jk child workerEnv in error state 4
2005-11-23 20:05:23,error,workerenv,4,mod_jk child workerEnv in error state 4
2005-11-23 20:15:46,error,workerenv,4,mod_jk child workerEnv in error state 4
2005-11-23 20:20:43,error,workerenv,4,mod_jk child workerEnv in error state 4
2005-11-23 20:25:55,error,workerenv,4,mod_jk child workerEnv in error state 4
2005-11-23 20:30:54,error,workerenv,4,mod_jk child workerEnv in error state 4
2005-11-23 20:31:04,error,workerenv,4,mod_jk child workerEnv in error state 4
2005-11-23 20:36:26,error,workerenv,4,mod_jk child workerEnv in error state 4
2005-11-23 20:41:43,error,workerenv,4,mod_jk child workerEnv in error state 4
2005-11-23 20:45:29,error,workerenv,4,mod_jk child workerEnv in error state 4
2005-11-23 21:00:22,error,workerenv,4,mod_jk child workerEnv in error state 4
2005-11-23 21:10:49,error,workerenv,4,mod_jk child workerEnv in error state 4
2005-11-23 21:15:44,error,workerenv,4,mod_jk child workerEnv in error state 4
2005-11-23 21:16:31,error,workerenv,4,mod_jk child workerEnv in error state 4
2005-11-23 21:20:49,error,workerenv,4,mod_jk child workerEnv in error state 4
2005-11-23 21:25:45,error,workerenv,4,mod_jk child workerEnv in error state 4
2005-11-23 21:30:50,error,workerenv,4,mod_jk child workerEnv in error state 4
2005-11-23 21:37:02,error,workerenv,4,mod_jk child workerEnv in error state 4
2005-11-23 21:41:37,error,workerenv,4,mod_jk child workerEnv in error state 4
2005-11-23 21:54:46,error,workerenv,4,mod_jk child workerEnv in error state 4
2005-11-23 22:22:15,error,workerenv,4,mod_jk child workerEnv in error state 4
2005-11-23 22:29:28,error,workerenv,4,mod_jk child workerEnv in error state 4
2005-11-23 22:51:33,error,workerenv,4,mod_jk child workerEnv in error state 4
2005-11-24 00:05:46,error,workerenv,4,mod_jk child workerEnv in error state 4
2005-11-24 00:14:07,error,workerenv,4,mod_jk child workerEnv in error state 4
2005-11-24 00:56:34,error,workerenv,4,mod_jk child workerEnv in error state 4
2005-11-24 02:06:15,error,workerenv,4,mod_jk child workerEnv in error state 4
2005-11-24 02:52:40,error,workerenv,4,mod_jk child workerEnv in error state 4
2005-11-24 05:41:12,error,workerenv,4,mod_jk child workerEnv in error state 4
2005-11-24 06:35:22,error,workerenv,4,mod_jk child workerEnv in error state 4
2005-11-24 07:23:36,error,workerenv,4,mod_jk child workerEnv in error state 4
2005-11-24 07:48:31,error,workerenv,4,mod_jk child workerEnv in error state 4
2005-11-24 07:48:32,error,workerenv,4,mod_jk child workerEnv in error state 4
2005-11-24 09:02:12,error,workerenv,4,mod_jk child workerEnv in error state 4
2005-11-24 09:16:25,error,workerenv,4,mod_jk child workerEnv in error state 4
2005-11-24 09:26:55,error,workerenv,4,mod_jk child workerEnv in error state 4
2005-11-24 09:30:07,error,workerenv,4,mod_jk child workerEnv in error state 4
2005-11-24 09:53:34,error,workerenv,4,mod_jk child workerEnv in error state 4
2005-11-24 10:44:46,error,workerenv,4,mod_jk child workerEnv in error state 4
2005-11-24 11:34:04,error,workerenv,4,mod_jk child workerEnv in error state 4
2005-11-24 14:42:42,error,workerenv,4,mod_jk child workerEnv in error state 4
2005-11-24 15:14:33,error,workerenv,4,mod_jk child workerEnv in error state 4
2005-11-24 16:09:41,error,workerenv,4,mod_jk child workerEnv in error state 4
2005-11-24 17:26:54,error,workerenv,4,mod_jk child workerEnv in error state 4
2005-11-24 17:50:10,error,workerenv,4,mod_jk child workerEnv in error state 4
2005-11-24 19:21:33,error,workerenv,4,mod_jk child workerEnv in error state 4
2005-11-24 19:59:14,error,workerenv,4,mod_jk child workerEnv in error state 4
2005-11-24 22:57:50,error,workerenv,4,mod_jk child workerEnv in error state 4
2005-11-24 23:39:38,error,workerenv,4,mod_jk child workerEnv in error state 4
2005-11-25 01:04:38,error,workerenv,4,mod_jk child workerEnv in error state 4
2005-11-25 01:10:57,error,workerenv,4,mod_jk child workerEnv in error state 4
2005-11-25 01:35:26,error,workerenv,4,mod_jk child workerEnv in error state 4
2005-11-25 02:42:53,error,workerenv,4,mod_jk child workerEnv in error state 4
2005-11-25 03:00:31,error,workerenv,4,mod_jk child workerEnv in error state 4
2005-11-25 03:52:23,error,workerenv,4,mod_jk child workerEnv in error state 4
2005-11-25 04:58:32,error,workerenv,4,mod_jk child workerEnv in error state 4
2005-11-25 04:58:33,error,workerenv,4,mod_jk child workerEnv in error state 4
2005-11-25 04:58:35,error,workerenv,4,mod_jk child workerEnv in error state 4
2005-11-25 06:29:26,error,workerenv,4,mod_jk child workerEnv in error state 4
2005-11-25 06:51:07,error,workerenv,4,mod_jk child workerEnv in error state 4
2005-11-25 07:29:58,error,workerenv,4,mod_jk child workerEnv in error state 4
2005-11-25 08:02:02,error,workerenv,4,mod_jk child workerEnv in error state 4
2005-11-25 10:15:41,error,workerenv,4,mod_jk child workerEnv in error state 4
2005-11-25 12:14:23,error,workerenv,4,mod_jk child workerEnv in error state 4
2005-11-25 12:17:08,error,workerenv,4,mod_jk child workerEnv in error state 4
2005-11-25 12:54:06,error,workerenv,4,mod_jk child workerEnv in error state 4
2005-11-25 14:06:46,error,workerenv,4,mod_jk child workerEnv in error state 4
2005-11-25 14:18:46,error,workerenv,4,mod_jk child workerEnv in error state 4
2005-11-25 14:40:23,error,workerenv,4,mod_jk child workerEnv in error state 4
2005-11-25 15:47:22,error,workerenv,4,mod_jk child workerEnv in error state 4
2005-11-25 17:10:48,error,workerenv,4,mod_jk child workerEnv in error state 4
2005-11-25 17:16:51,error,workerenv,4,mod_jk child workerEnv in error state 4
2005-11-25 17:26:39,error,workerenv,4,mod_jk child workerEnv in error state 4
2005-11-25 17:36:58,error,workerenv,4,mod_jk child workerEnv in error state 4
2005-11-25 17:41:46,error,workerenv,4,mod_jk child workerEnv in error state 4
2005-11-27 04:07:44,error,workerenv,4,mod_jk child workerEnv in error state 4
2005-11-27 04:07:45,error,workerenv,4,mod_jk child workerEnv in error state 4
2005-11-27 04:07:45,error,workerenv,4,mod_jk child workerEnv in error state 4
2005-11-27 04:14:11,error,workerenv,5,mod_jk child workerEnv in error state 5
2005-11-27 04:48:01,error,workerenv,5,mod_jk child workerEnv in error state 5
2005-11-27 11:17:25,error,workerenv,5,mod_jk child workerEnv in error state 5
2005-11-27 12:10:28,error,workerenv,5,mod_jk child workerEnv in error state 5
2005-11-27 15:36:30,error,workerenv,5,mod_jk child workerEnv in error state 5
2005-11-27 15:36:30,error,workerenv,5,mod_jk child workerEnv in error state 5
2005-11-27 15:36:30,error,workerenv,5,mod_jk child workerEnv in error state 5
2005-11-27 15:41:30,error,workerenv,5,mod_jk child workerEnv in error state 5
2005-11-27 15:43:06,error,workerenv,6,mod_jk child workerEnv in error state 6
2005-11-27 15:43:06,error,workerenv,5,mod_jk child workerEnv in error state 5
2005-11-27 15:43:06,error,workerenv,5,mod_jk child workerEnv in error state 5
2005-11-27 15:43:06,error,workerenv,5,mod_jk child workerEnv in error state 5
2005-11-27 17:19:54,error,workerenv,5,mod_jk child workerEnv in error state 5
2005-11-27 18:36:03,error,workerenv,5,mod_jk child workerEnv in error state 5
2005-11-27 18:39:10,error,workerenv,5,mod_jk child workerEnv in error state 5
2005-11-27 18:45:32,error,workerenv,5,mod_jk child workerEnv in error state 5
2005-11-27 18:51:13,error,workerenv,5,mod_jk child workerEnv in error state 5
2005-11-27 18:51:17,error,workerenv,6,mod_jk child workerEnv in error state 6
2005-11-27 18:51:17,error,workerenv,5,mod_jk child workerEnv in error state 5
2005-11-27 18:55:46,error,workerenv,5,mod_jk child workerEnv in error state 5
2005-11-27 18:55:46,error,workerenv,5,mod_jk child workerEnv in error state 5
2005-11-27 19:06:07,error,workerenv,5,mod_jk child workerEnv in error state 5
2005-11-27 19:06:07,error,workerenv,5,mod_jk child workerEnv in error state 5
2005-11-27 19:12:35,error,workerenv,5,mod_jk child workerEnv in error state 5
2005-11-27 19:12:35,error,workerenv,5,mod_jk child workerEnv in error state 5
2005-11-27 19:12:35,error,workerenv,5,mod_jk child workerEnv in error state 5
2005-11-27 19:12:35,error,workerenv,5,mod_jk child workerEnv in error state 5
2005-11-27 19:34:11,error,workerenv,5,mod_jk child workerEnv in error state 5
2005-11-27 19:40:55,error,workerenv,5,mod_jk child workerEnv in error state 5
2005-11-27 19:45:33,error,workerenv,5,mod_jk child workerEnv in error state 5
2005-11-27 19:45:33,error,workerenv,5,mod_jk child workerEnv in error state 5
2005-11-27 19:50:28,error,workerenv,5,mod_jk child workerEnv in error state 5
2005-11-27 20:10:45,error,workerenv,5,mod_jk child workerEnv in error state 5
2005-11-27 20:15:48,error,workerenv,5,mod_jk child workerEnv in error state 5
2005-11-27 20:21:34,error,workerenv,5,mod_jk child workerEnv in error state 5
2005-11-27 20:21:34,error,workerenv,5,mod_jk child workerEnv in error state 5
2005-11-27 20:21:38,error,workerenv,6,mod_jk child workerEnv in error state 6
2005-11-27 20:21:38,error,workerenv,5,mod_jk child workerEnv in error state 5
2005-11-27 20:28:53,error,workerenv,5,mod_jk child workerEnv in error state 5
2005-11-27 20:28:53,error,workerenv,5,mod_jk child workerEnv in error state 5
2005-11-27 20:28:53,error,workerenv,5,mod_jk child workerEnv in error state 5
2005-11-27 20:28:53,error,workerenv,5,mod_jk child workerEnv in error state 5
2005-11-27 20:28:53,error,workerenv,6,mod_jk child workerEnv in error state 6
2005-11-27 20:37:30,error,workerenv,4,mod_jk child workerEnv in error state 4
2005-11-27 20:37:30,error,workerenv,4,mod_jk child workerEnv in error state 4
2005-11-27 20:37:30,error,workerenv,5,mod_jk child workerEnv in error state 5
2005-11-27 20:37:30,error,workerenv,6,mod_jk child workerEnv in error state 6
2005-11-27 20:37:30,error,workerenv,4,mod_jk child workerEnv in error state 4
2005-11-27 20:37:30,error,workerenv,5,mod_jk child workerEnv in error state 5
2005-11-27 20:37:30,error,workerenv,4,mod_jk child workerEnv in error state 4
2005-11-27 20:37:32,error,workerenv,4,mod_jk child workerEnv in error state 4
2005-11-27 20:37:32,error,workerenv,4,mod_jk child workerEnv in error state 4
2005-11-27 20:37:33,error,workerenv,3,mod_jk child workerEnv in error state 3
2005-11-27 20:37:34,error,workerenv,3,mod_jk child workerEnv in error state 3
2005-11-27 20:37:34,error,workerenv,3,mod_jk child workerEnv in error state 3
2005-11-27 20:37:34,error,workerenv,3,mod_jk child workerEnv in error state 3
2005-11-28 00:20:48,error,workerenv,5,mod_jk child workerEnv in error state 5
2005-11-28 00:25:56,error,workerenv,5,mod_jk child workerEnv in error state 5
2005-11-28 00:25:56,error,workerenv,5,mod_jk child workerEnv in error state 5
2005-11-28 00:26:02,error,workerenv,5,mod_jk child workerEnv in error state 5
2005-11-28 00:30:57,error,workerenv,5,mod_jk child workerEnv in error state 5
2005-11-28 00:36:11,error,workerenv,5,mod_jk child workerEnv in error state 5
2005-11-28 00:36:11,error,workerenv,5,mod_jk child workerEnv in error state 5
2005-11-28 00:36:11,error,workerenv,5,mod_jk child workerEnv in error state 5
2005-11-28 00:36:11,error,workerenv,5,mod_jk child workerEnv in error state 5
2005-11-28 00:44:04,error,workerenv,6,mod_jk child workerEnv in error state 6
2005-11-28 00:44:04,error,workerenv,6,mod_jk child workerEnv in error state 6
2005-11-28 00:44:04,error,workerenv,6,mod_jk child workerEnv in error state 6
2005-11-28 00:44:04,error,workerenv,5,mod_jk child workerEnv in error state 5
2005-11-28 00:44:04,error,workerenv,5,mod_jk child workerEnv in error state 5
2005-11-28 01:20:57,error,workerenv,5,mod_jk child workerEnv in error state 5
2005-11-28 04:11:43,error,workerenv,5,mod_jk child workerEnv in error state 5
2005-11-28 04:47:40,error,workerenv,6,mod_jk child workerEnv in error state 6
2005-11-28 04:47:40,error,workerenv,6,mod_jk child workerEnv in error state 6
2005-11-28 04:47:40,error,workerenv,6,mod_jk child workerEnv in error state 6
2005-11-28 04:47:40,error,workerenv,6,mod_jk child workerEnv in error state 6
2005-11-28 04:47:40,error,workerenv,5,mod_jk child workerEnv in error state 5
2005-11-28 05:02:56,error,workerenv,6,mod_jk child workerEnv in error state 6
2005-11-28 05:02:56,error,workerenv,5,mod_jk child workerEnv in error state 5
2005-11-28 05:02:56,error,workerenv,5,mod_jk child workerEnv in error state 5
2005-11-28 05:02:56,error,workerenv,5,mod_jk child workerEnv in error state 5
2005-11-28 05:02:56,error,workerenv,6,mod_jk child workerEnv in error state 6
2005-11-28 05:21:33,error,workerenv,5,mod_jk child workerEnv in error state 5
2005-11-28 07:35:11,error,workerenv,5,mod_jk child workerEnv in error state 5
2005-11-28 07:35:11,error,workerenv,5,mod_jk child workerEnv in error state 5
2005-11-28 07:35:11,error,workerenv,5,mod_jk child workerEnv in error state 5
2005-11-28 07:35:11,error,workerenv,5,mod_jk child workerEnv in error state 5
2005-11-28 07:35:11,error,workerenv,5,mod_jk child workerEnv in error state 5
2005-11-28 07:35:11,error,workerenv,5,mod_jk child workerEnv in error state 5
2005-11-28 07:35:11,error,workerenv,5,mod_jk child workerEnv in error state 5
2005-11-28 07:35:11,error,workerenv,5,mod_jk child workerEnv in error state 5
2005-11-28 07:35:28,error,workerenv,5,mod_jk child workerEnv in error state 5
2005-11-28 07:35:28,error,workerenv,5,mod_jk child workerEnv in error state 5
2005-11-28 09:50:31,error,workerenv,5,mod_jk child workerEnv in error state 5
2005-11-28 09:54:39,error,workerenv,5,mod_jk child workerEnv in error state 5
2005-11-28 10:00:24,error,workerenv,5,mod_jk child workerEnv in error state 5
2005-11-28 10:11:14,error,workerenv,5,mod_jk child workerEnv in error state 5
2005-11-28 10:11:14,error,workerenv,5,mod_jk child workerEnv in error state 5
2005-11-28 10:11:14,error,workerenv,5,mod_jk child workerEnv in error state 5
2005-11-28 10:11:14,error,workerenv,5,mod_jk child workerEnv in error state 5
2005-11-28 10:11:14,error,workerenv,5,mod_jk child workerEnv in error state 5
2005-11-28 10:16:56,error,workerenv,5,mod_jk child workerEnv in error state 5
2005-11-28 10:16:56,error,workerenv,6,mod_jk child workerEnv in error state 6
2005-11-28 10:16:56,error,workerenv,5,mod_jk child workerEnv in error state 5
2005-11-28 10:16:56,error,workerenv,5,mod_jk child workerEnv in error state 5
2005-11-28 10:16:56,error,workerenv,6,mod_jk child workerEnv in error state 6
2005-11-28 10:30:37,error,workerenv,5,mod_jk child workerEnv in error state 5
2005-11-28 11:11:13,error,workerenv,5,mod_jk child workerEnv in error state 5
2005-11-28 11:11:13,error,workerenv,5,mod_jk child workerEnv in error state 5
2005-11-28 11:11:13,error,workerenv,5,mod_jk child workerEnv in error state 5
2005-11-28 11:11:13,error,workerenv,5,mod_jk child workerEnv in error state 5
2005-11-28 11:16:02,error,workerenv,5,mod_jk child workerEnv in error state 5
2005-11-28 11:16:02,error,workerenv,5,mod_jk child workerEnv in error state 5
2005-11-28 11:16:02,error,workerenv,5,mod_jk child workerEnv in error state 5
2005-11-28 11:19:13,error,workerenv,5,mod_jk child workerEnv in error state 5
2005-11-28 11:23:20,error,workerenv,6,mod_jk child workerEnv in error state 6
2005-11-28 11:23:20,error,workerenv,6,mod_jk child workerEnv in error state 6
2005-11-28 11:23:20,error,workerenv,6,mod_jk child workerEnv in error state 6
2005-11-28 11:23:20,error,workerenv,6,mod_jk child workerEnv in error state 6
2005-11-28 11:23:20,error,workerenv,6,mod_jk child workerEnv in error state 6
2005-11-28 11:26:25,error,workerenv,5,mod_jk child workerEnv in error state 5
2005-11-28 11:26:25,error,workerenv,5,mod_jk child workerEnv in error state 5
2005-11-28 11:26:25,error,workerenv,5,mod_jk child workerEnv in error state 5
2005-11-28 11:31:13,error,workerenv,5,mod_jk child workerEnv in error state 5
2005-11-28 11:31:13,error,workerenv,5,mod_jk child workerEnv in error state 5
2005-11-28 11:31:13,error,workerenv,5,mod_jk child workerEnv in error state 5
2005-11-28 11:31:13,error,workerenv,5,mod_jk child workerEnv in error state 5
2005-11-28 11:36:40,error,workerenv,5,mod_jk child workerEnv in error state 5
2005-11-28 11:36:40,error,workerenv,5,mod_jk child workerEnv in error state 5
2005-11-28 11:36:40,error,workerenv,5,mod_jk child workerEnv in error state 5
2005-11-28 11:36:53,error,workerenv,5,mod_jk child workerEnv in error state 5
2005-11-28 11:36:53,error,workerenv,5,mod_jk child workerEnv in error state 5
2005-11-28 11:43:02,error,workerenv,5,mod_jk child workerEnv in error state 5
2005-11-28 11:43:02,error,workerenv,5,mod_jk child workerEnv in error state 5
2005-11-28 11:43:02,error,workerenv,6,mod_jk child workerEnv in error state 6
2005-11-28 11:43:02,error,workerenv,6,mod_jk child workerEnv in error state 6
2005-11-28 11:43:02,error,workerenv,6,mod_jk child workerEnv in error state 6
2005-11-28 12:15:40,error,workerenv,5,mod_jk child workerEnv in error state 5
2005-11-28 12:20:45,error,workerenv,5,mod_jk child workerEnv in error state 5
2005-11-28 12:20:45,error,workerenv,5,mod_jk child workerEnv in error state 5
2005-11-28 12:27:38,error,workerenv,5,mod_jk child workerEnv in error state 5
2005-11-28 12:27:38,error,workerenv,5,mod_jk child workerEnv in error state 5
2005-11-28 12:27:38,error,workerenv,5,mod_jk child workerEnv in error state 5
2005-11-28 12:27:38,error,workerenv,5,mod_jk child workerEnv in error state 5
2005-11-28 12:27:38,error,workerenv,5,mod_jk child workerEnv in error state 5
2005-11-28 13:06:23,error,workerenv,5,mod_jk child workerEnv in error state 5
2005-11-28 13:20:44,error,workerenv,5,mod_jk child workerEnv in error state 5
2005-11-28 13:26:20,error,workerenv,5,mod_jk child workerEnv in error state 5
2005-11-28 13:26:20,error,workerenv,5,mod_jk child workerEnv in error state 5
2005-11-28 13:26:20,error,workerenv,5,mod_jk child workerEnv in error state 5
2005-11-28 13:26:24,error,workerenv,5,mod_jk child workerEnv in error state 5
2005-11-28 13:31:32,error,workerenv,5,mod_jk child workerEnv in error state 5
2005-11-28 13:31:32,error,workerenv,5,mod_jk child workerEnv in error state 5
2005-11-28 13:34:37,error,workerenv,6,mod_jk child workerEnv in error state 6
2005-11-28 13:34:37,error,workerenv,6,mod_jk child workerEnv in error state 6
2005-11-28 13:34:37,error,workerenv,6,mod_jk child workerEnv in error state 6
2005-11-28 13:34:37,error,workerenv,6,mod_jk child workerEnv in error state 6
2005-11-28 13:34:37,error,workerenv,6,mod_jk child workerEnv in error state 6
2005-11-28 13:40:46,error,workerenv,5,mod_jk child workerEnv in error state 5
2005-11-28 13:40:46,error,workerenv,5,mod_jk child workerEnv in error state 5
2005-11-28 13:40:46,error,workerenv,5,mod_jk child workerEnv in error state 5
2005-11-28 13:40:46,error,workerenv,5,mod_jk child workerEnv in error state 5
2005-11-28 13:40:46,error,workerenv,5,mod_jk child workerEnv in error state 5
2005-11-28 13:40:46,error,workerenv,5,mod_jk child workerEnv in error state 5
2005-11-28 13:40:46,error,workerenv,5,mod_jk child workerEnv in error state 5
2005-11-28 13:40:48,error,workerenv,5,mod_jk child workerEnv in error state 5
2005-11-28 13:40:48,error,workerenv,5,mod_jk child workerEnv in error state 5
2005-11-28 13:40:48,error,workerenv,5,mod_jk child workerEnv in error state 5
2005-11-28 13:40:49,error,workerenv,5,mod_jk child workerEnv in error state 5
2005-11-28 13:40:49,error,workerenv,5,mod_jk child workerEnv in error state 5
2005-11-28 13:41:12,error,workerenv,5,mod_jk child workerEnv in error state 5
2005-11-28 13:41:12,error,workerenv,5,mod_jk child workerEnv in error state 5
2005-11-28 13:41:12,error,workerenv,5,mod_jk child workerEnv in error state 5
2005-11-28 13:41:12,error,workerenv,5,mod_jk child workerEnv in error state 5
2005-11-28 13:41:12,error,workerenv,5,mod_jk child workerEnv in error state 5
2005-11-28 13:41:12,error,workerenv,5,mod_jk child workerEnv in error state 5
2005-11-28 13:42:09,error,workerenv,3,mod_jk child workerEnv in error state 3
2005-11-28 13:42:09,error,workerenv,5,mod_jk child workerEnv in error state 5
2005-11-28 13:42:09,error,workerenv,3,mod_jk child workerEnv in error state 3
2005-11-28 13:42:09,error,workerenv,3,mod_jk child workerEnv in error state 3
2005-11-28 13:42:09,error,workerenv,5,mod_jk child workerEnv in error state 5
2005-11-28 13:42:09,error,workerenv,3,mod_jk child workerEnv in error state 3
2005-11-28 13:42:09,error,workerenv,5,mod_jk child workerEnv in error state 5
2005-11-28 15:25:43,error,workerenv,5,mod_jk child workerEnv in error state 5
2005-11-28 15:31:54,error,workerenv,5,mod_jk child workerEnv in error state 5
2005-11-28 15:31:54,error,workerenv,5,mod_jk child workerEnv in error state 5
2005-11-28 15:31:54,error,workerenv,5,mod_jk child workerEnv in error state 5
2005-11-28 15:31:54,error,workerenv,5,mod_jk child workerEnv in error state 5
2005-11-28 15:31:54,error,workerenv,5,mod_jk child workerEnv in error state 5
2005-11-28 15:35:45,error,workerenv,5,mod_jk child workerEnv in error state 5
2005-11-28 15:35:45,error,workerenv,5,mod_jk child workerEnv in error state 5
2005-11-28 15:41:41,error,workerenv,5,mod_jk child workerEnv in error state 5
2005-11-28 15:42:54,error,workerenv,6,mod_jk child workerEnv in error state 6
2005-11-28 15:42:54,error,workerenv,6,mod_jk child workerEnv in error state 6
2005-11-28 15:43:10,error,workerenv,6,mod_jk child workerEnv in error state 6
2005-11-28 15:43:10,error,workerenv,7,mod_jk child workerEnv in error state 7
2005-11-28 15:43:10,error,workerenv,8,mod_jk child workerEnv in error state 8
2005-11-28 16:20:44,error,workerenv,5,mod_jk child workerEnv in error state 5
2005-11-28 16:31:09,error,workerenv,5,mod_jk child workerEnv in error state 5
2005-11-28 16:31:09,error,workerenv,5,mod_jk child workerEnv in error state 5
2005-11-28 16:31:11,error,workerenv,5,mod_jk child workerEnv in error state 5
2005-11-28 16:31:11,error,workerenv,5,mod_jk child workerEnv in error state 5
2005-11-28 16:38:59,error,workerenv,7,mod_jk child workerEnv in error state 7
2005-11-28 16:38:59,error,workerenv,7,mod_jk child workerEnv in error state 7
2005-11-28 16:38:59,error,workerenv,7,mod_jk child workerEnv in error state 7
2005-11-28 16:38:59,error,workerenv,7,mod_jk child workerEnv in error state 7
2005-11-28 16:38:59,error,workerenv,7,mod_jk child workerEnv in error state 7
2005-11-28 18:20:33,error,workerenv,5,mod_jk child workerEnv in error state 5
2005-11-28 18:31:10,error,workerenv,5,mod_jk child workerEnv in error state 5
2005-11-28 18:31:10,error,workerenv,5,mod_jk child workerEnv in error state 5
2005-11-28 18:36:21,error,workerenv,5,mod_jk child workerEnv in error state 5
2005-11-28 18:36:21,error,workerenv,5,mod_jk child workerEnv in error state 5
2005-11-28 18:37:21,error,workerenv,5,mod_jk child workerEnv in error state 5
2005-11-28 18:39:56,error,workerenv,8,mod_jk child workerEnv in error state 8
2005-11-28 18:39:56,error,workerenv,6,mod_jk child workerEnv in error state 6
2005-11-28 18:39:56,error,workerenv,7,mod_jk child workerEnv in error state 7
2005-11-28 18:39:56,error,workerenv,5,mod_jk child workerEnv in error state 5
2005-11-28 18:39:56,error,workerenv,7,mod_jk child workerEnv in error state 7
2005-11-28 19:25:56,error,workerenv,5,mod_jk child workerEnv in error state 5
2005-11-28 19:38:25,error,workerenv,5,mod_jk child workerEnv in error state 5
2005-11-28 19:38:25,error,workerenv,5,mod_jk child workerEnv in error state 5
2005-11-28 19:38:25,error,workerenv,6,mod_jk child workerEnv in error state 6
2005-11-28 19:38:25,error,workerenv,6,mod_jk child workerEnv in error state 6
2005-11-28 19:38:25,error,workerenv,7,mod_jk child workerEnv in error state 7
2005-11-28 19:40:42,error,workerenv,5,mod_jk child workerEnv in error state 5
2005-11-28 19:50:49,error,workerenv,5,mod_jk child workerEnv in error state 5
2005-11-28 19:50:49,error,workerenv,5,mod_jk child workerEnv in error state 5
2005-11-28 19:56:14,error,workerenv,5,mod_jk child workerEnv in error state 5
2005-11-28 19:57:31,error,workerenv,6,mod_jk child workerEnv in error state 6
2005-11-28 19:57:31,error,workerenv,7,mod_jk child workerEnv in error state 7
2005-11-28 19:57:34,error,workerenv,5,mod_jk child workerEnv in error state 5
2005-11-28 19:57:34,error,workerenv,7,mod_jk child workerEnv in error state 7
2005-11-28 19:57:34,error,workerenv,7,mod_jk child workerEnv in error state 7
2005-11-28 19:58:48,error,workerenv,5,mod_jk child workerEnv in error state 5
2005-11-28 20:02:58,error,workerenv,5,mod_jk child workerEnv in error state 5
2005-11-28 20:02:58,error,workerenv,6,mod_jk child workerEnv in error state 6
2005-11-28 20:02:58,error,workerenv,5,mod_jk child workerEnv in error state 5
2005-11-28 20:02:58,error,workerenv,6,mod_jk child workerEnv in error state 6
2005-11-28 20:02:58,error,workerenv,6,mod_jk child workerEnv in error state 6
2005-11-28 20:10:57,error,workerenv,5,mod_jk child workerEnv in error state 5
2005-11-28 20:10:57,error,workerenv,5,mod_jk child workerEnv in error state 5
2005-11-28 20:10:57,error,workerenv,5,mod_jk child workerEnv in error state 5
2005-11-28 20:16:48,error,workerenv,5,mod_jk child workerEnv in error state 5
2005-11-28 20:16:48,error,workerenv,6,mod_jk child workerEnv in error state 6
2005-11-28 20:16:48,error,workerenv,5,mod_jk child workerEnv in error state 5
2005-11-28 20:16:48,error,workerenv,5,mod_jk child workerEnv in error state 5
2005-11-28 20:16:48,error,workerenv,5,mod_jk child workerEnv in error state 5
2005-11-28 20:21:58,error,workerenv,5,mod_jk child workerEnv in error state 5
2005-11-28 20:21:58,error,workerenv,5,mod_jk child workerEnv in error state 5
2005-11-28 20:21:58,error,workerenv,5,mod_jk child workerEnv in error state 5
2005-11-28 20:21:58,error,workerenv,6,mod_jk child workerEnv in error state 6
2005-11-28 20:21:58,error,workerenv,5,mod_jk child workerEnv in error state 5
2005-11-28 20:28:52,error,workerenv,6,mod_jk child workerEnv in error state 6
2005-11-28 20:28:52,error,workerenv,5,mod_jk child workerEnv in error state 5
2005-11-28 20:28:52,error,workerenv,6,mod_jk child workerEnv in error state 6
2005-11-28 20:28:52,error,workerenv,7,mod_jk child workerEnv in error state 7
2005-11-28 20:28:52,error,workerenv,5,mod_jk child workerEnv in error state 5
2005-11-28 20:35:41,error,workerenv,6,mod_jk child workerEnv in error state 6
2005-11-28 20:40:45,error,workerenv,5,mod_jk child workerEnv in error state 5
2005-11-28 20:47:12,error,workerenv,6,mod_jk child workerEnv in error state 6
2005-11-28 20:47:12,error,workerenv,6,mod_jk child workerEnv in error state 6
2005-11-28 20:47:12,error,workerenv,5,mod_jk child workerEnv in error state 5
2005-11-28 20:47:53,error,workerenv,6,mod_jk child workerEnv in error state 6
2005-11-28 20:47:57,error,workerenv,5,mod_jk child workerEnv in error state 5
2005-11-28 20:47:57,error,workerenv,5,mod_jk child workerEnv in error state 5
2005-11-28 20:47:57,error,workerenv,5,mod_jk child workerEnv in error state 5
2005-11-28 20:47:57,error,workerenv,7,mod_jk child workerEnv in error state 7
2005-11-28 20:50:40,error,workerenv,5,mod_jk child workerEnv in error state 5
2005-11-28 20:56:42,error,workerenv,5,mod_jk child workerEnv in error state 5
2005-11-28 20:57:26,error,workerenv,6,mod_jk child workerEnv in error state 6
2005-11-28 20:57:26,error,workerenv,6,mod_jk child workerEnv in error state 6
2005-11-28 20:57:26,error,workerenv,6,mod_jk child workerEnv in error state 6
2005-11-28 20:57:27,error,workerenv,6,mod_jk child workerEnv in error state 6
2005-11-28 20:57:28,error,workerenv,5,mod_jk child workerEnv in error state 5
2005-11-28 21:35:46,error,workerenv,5,mod_jk child workerEnv in error state 5
2005-11-28 21:35:46,error,workerenv,5,mod_jk child workerEnv in error state 5
2005-11-28 21:41:07,error,workerenv,5,mod_jk child workerEnv in error state 5
2005-11-28 21:41:07,error,workerenv,5,mod_jk child workerEnv in error state 5
2005-11-28 21:41:07,error,workerenv,5,mod_jk child workerEnv in error state 5
2005-11-28 21:46:04,error,workerenv,5,mod_jk child workerEnv in error state 5
2005-11-28 21:46:04,error,workerenv,5,mod_jk child workerEnv in error state 5
2005-11-28 21:46:04,error,workerenv,5,mod_jk child workerEnv in error state 5
2005-11-28 21:51:03,error,workerenv,5,mod_jk child workerEnv in error state 5
2005-11-28 21:51:03,error,workerenv,5,mod_jk child workerEnv in error state 5
2005-11-28 22:10:55,error,workerenv,5,mod_jk child workerEnv in error state 5
2005-11-28 22:10:55,error,workerenv,5,mod_jk child workerEnv in error state 5
2005-11-28 22:10:55,error,workerenv,5,mod_jk child workerEnv in error state 5
2005-11-28 22:16:05,error,workerenv,5,mod_jk child workerEnv in error state 5
2005-11-28 22:16:05,error,workerenv,5,mod_jk child workerEnv in error state 5
2005-11-28 22:16:05,error,workerenv,5,mod_jk child workerEnv in error state 5
2005-11-28 22:16:05,error,workerenv,5,mod_jk child workerEnv in error state 5
2005-11-28 22:21:14,error,workerenv,5,mod_jk child workerEnv in error state 5
2005-11-28 22:21:14,error,workerenv,5,mod_jk child workerEnv in error state 5
2005-11-28 22:21:14,error,workerenv,5,mod_jk child workerEnv in error state 5
2005-11-28 22:21:14,error,workerenv,5,mod_jk child workerEnv in error state 5
2005-11-28 22:21:14,error,workerenv,5,mod_jk child workerEnv in error state 5
2005-11-28 22:27:13,error,workerenv,5,mod_jk child workerEnv in error state 5
2005-11-28 22:27:13,error,workerenv,5,mod_jk child workerEnv in error state 5
2005-11-28 22:27:13,error,workerenv,6,mod_jk child workerEnv in error state 6
2005-11-28 22:27:13,error,workerenv,6,mod_jk child workerEnv in error state 6
2005-11-28 22:27:13,error,workerenv,5,mod_jk child workerEnv in error state 5
2005-11-28 22:32:24,error,workerenv,5,mod_jk child workerEnv in error state 5
2005-11-28 22:32:24,error,workerenv,5,mod_jk child workerEnv in error state 5
2005-11-28 22:32:24,error,workerenv,5,mod_jk child workerEnv in error state 5
2005-11-28 22:32:24,error,workerenv,5,mod_jk child workerEnv in error state 5
2005-11-28 22:32:24,error,workerenv,5,mod_jk child workerEnv in error state 5
2005-11-28 22:36:11,error,workerenv,5,mod_jk child workerEnv in error state 5
2005-11-28 22:36:11,error,workerenv,5,mod_jk child workerEnv in error state 5
2005-11-28 22:37:09,error,workerenv,5,mod_jk child workerEnv in error state 5
2005-11-28 22:37:09,error,workerenv,5,mod_jk child workerEnv in error state 5
2005-11-28 22:37:54,error,workerenv,5,mod_jk child workerEnv in error state 5
2005-11-28 22:37:54,error,workerenv,5,mod_jk child workerEnv in error state 5
2005-11-28 22:38:00,error,workerenv,5,mod_jk child workerEnv in error state 5
2005-11-28 22:38:00,error,workerenv,5,mod_jk child workerEnv in error state 5
2005-11-28 22:38:00,error,workerenv,5,mod_jk child workerEnv in error state 5
2005-11-28 22:45:59,error,workerenv,5,mod_jk child workerEnv in error state 5
2005-11-28 22:45:59,error,workerenv,5,mod_jk child workerEnv in error state 5
2005-11-28 22:45:59,error,workerenv,5,mod_jk child workerEnv in error state 5
2005-11-28 22:45:59,error,workerenv,5,mod_jk child workerEnv in error state 5
2005-11-28 23:10:51,error,workerenv,5,mod_jk child workerEnv in error state 5
2005-11-28 23:17:35,error,workerenv,6,mod_jk child workerEnv in error state 6
2005-11-28 23:17:35,error,workerenv,5,mod_jk child workerEnv in error state 5
2005-11-28 23:17:35,error,workerenv,6,mod_jk child workerEnv in error state 6
2005-11-28 23:17:35,error,workerenv,6,mod_jk child workerEnv in error state 6
2005-11-28 23:17:35,error,workerenv,5,mod_jk child workerEnv in error state 5
2005-11-28 23:17:36,error,workerenv,5,mod_jk child workerEnv in error state 5
2005-11-28 23:21:30,error,workerenv,5,mod_jk child workerEnv in error state 5
2005-11-28 23:21:30,error,workerenv,5,mod_jk child workerEnv in error state 5
2005-11-28 23:21:30,error,workerenv,5,mod_jk child workerEnv in error state 5
2005-11-28 23:21:30,error,workerenv,5,mod_jk child workerEnv in error state 5
2005-11-28 23:29:04,error,workerenv,7,mod_jk child workerEnv in error state 7
2005-11-28 23:29:04,error,workerenv,9,mod_jk child workerEnv in error state 9
2005-11-28 23:29:04,error,workerenv,6,mod_jk child workerEnv in error state 6
2005-11-28 23:29:04,error,workerenv,5,mod_jk child workerEnv in error state 5
2005-11-28 23:29:04,error,workerenv,5,mod_jk child workerEnv in error state 5
2005-11-28 23:33:48,error,workerenv,5,mod_jk child workerEnv in error state 5
2005-11-29 00:00:29,error,workerenv,5,mod_jk child workerEnv in error state 5
2005-11-29 00:00:29,error,workerenv,5,mod_jk child workerEnv in error state 5
2005-11-29 00:11:08,error,workerenv,5,mod_jk child workerEnv in error state 5
2005-11-29 00:11:08,error,workerenv,5,mod_jk child workerEnv in error state 5
2005-11-29 00:11:08,error,workerenv,5,mod_jk child workerEnv in error state 5
2005-11-29 00:15:38,error,workerenv,5,mod_jk child workerEnv in error state 5
2005-11-29 00:24:36,error,workerenv,5,mod_jk child workerEnv in error state 5
2005-11-29 00:24:36,error,workerenv,5,mod_jk child workerEnv in error state 5
2005-11-29 00:24:36,error,workerenv,8,mod_jk child workerEnv in error state 8
2005-11-29 00:24:36,error,workerenv,7,mod_jk child workerEnv in error state 7
2005-11-29 00:24:36,error,workerenv,5,mod_jk child workerEnv in error state 5
2005-11-29 00:26:28,error,workerenv,5,mod_jk child workerEnv in error state 5
2005-11-29 00:26:28,error,workerenv,5,mod_jk child workerEnv in error state 5
2005-11-29 00:26:28,error,workerenv,5,mod_jk child workerEnv in error state 5
2005-11-29 00:26:35,error,workerenv,6,mod_jk child workerEnv in error state 6
2005-11-29 00:26:35,error,workerenv,6,mod_jk child workerEnv in error state 6
2005-11-29 00:28:52,error,workerenv,5,mod_jk child workerEnv in error state 5
2005-11-29 00:34:06,error,workerenv,7,mod_jk child workerEnv in error state 7
2005-11-29 00:34:06,error,workerenv,6,mod_jk child workerEnv in error state 6
2005-11-29 00:34:06,error,workerenv,7,mod_jk child workerEnv in error state 7
2005-11-29 00:34:06,error,workerenv,6,mod_jk child workerEnv in error state 6
2005-11-29 00:34:06,error,workerenv,6,mod_jk child workerEnv in error state 6
2005-11-29 00:38:49,error,workerenv,6,mod_jk child workerEnv in error state 6
2005-11-29 00:38:49,error,workerenv,6,mod_jk child workerEnv in error state 6
2005-11-29 00:38:49,error,workerenv,7,mod_jk child workerEnv in error state 7
2005-11-29 00:38:49,error,workerenv,6,mod_jk child workerEnv in error state 6
2005-11-29 00:38:49,error,workerenv,6,mod_jk child workerEnv in error state 6
2005-11-29 00:45:56,error,workerenv,8,mod_jk child workerEnv in error state 8
2005-11-29 00:45:56,error,workerenv,7,mod_jk child workerEnv in error state 7
2005-11-29 00:45:56,error,workerenv,7,mod_jk child workerEnv in error state 7
2005-11-29 00:45:56,error,workerenv,6,mod_jk child workerEnv in error state 6
2005-11-29 00:47:15,error,workerenv,5,mod_jk child workerEnv in error state 5
2005-11-29 00:49:58,error,workerenv,5,mod_jk child workerEnv in error state 5
2005-11-29 00:49:58,error,workerenv,5,mod_jk child workerEnv in error state 5
2005-11-29 00:49:58,error,workerenv,5,mod_jk child workerEnv in error state 5
2005-11-29 00:49:58,error,workerenv,6,mod_jk child workerEnv in error state 6
2005-11-29 00:49:58,error,workerenv,9,mod_jk child workerEnv in error state 9
2005-11-29 00:51:21,error,workerenv,5,mod_jk child workerEnv in error state 5
2005-11-29 00:51:22,error,workerenv,5,mod_jk child workerEnv in error state 5
2005-11-29 00:52:18,error,workerenv,5,mod_jk child workerEnv in error state 5
2005-11-29 00:55:59,error,workerenv,8,mod_jk child workerEnv in error state 8
2005-11-29 00:55:59,error,workerenv,6,mod_jk child workerEnv in error state 6
2005-11-29 00:55:59,error,workerenv,6,mod_jk child workerEnv in error state 6
2005-11-29 00:55:59,error,workerenv,7,mod_jk child workerEnv in error state 7
2005-11-29 00:55:59,error,workerenv,9,mod_jk child workerEnv in error state 9
2005-11-29 01:00:58,error,workerenv,6,mod_jk child workerEnv in error state 6
2005-11-29 01:00:58,error,workerenv,8,mod_jk child workerEnv in error state 8
2005-11-29 01:00:58,error,workerenv,7,mod_jk child workerEnv in error state 7
2005-11-29 01:00:58,error,workerenv,6,mod_jk child workerEnv in error state 6
2005-11-29 01:00:58,error,workerenv,6,mod_jk child workerEnv in error state 6
2005-11-29 01:01:56,error,workerenv,5,mod_jk child workerEnv in error state 5
2005-11-29 01:01:56,error,workerenv,5,mod_jk child workerEnv in error state 5
2005-11-29 01:01:56,error,workerenv,8,mod_jk child workerEnv in error state 8
2005-11-29 01:01:56,error,workerenv,5,mod_jk child workerEnv in error state 5
2005-11-29 01:06:28,error,workerenv,5,mod_jk child workerEnv in error state 5
2005-11-29 01:07:51,error,workerenv,6,mod_jk child workerEnv in error state 6
2005-11-29 01:07:51,error,workerenv,6,mod_jk child workerEnv in error state 6
2005-11-29 01:07:51,error,workerenv,6,mod_jk child workerEnv in error state 6
2005-11-29 01:07:51,error,workerenv,7,mod_jk child workerEnv in error state 7
2005-11-29 01:07:51,error,workerenv,5,mod_jk child workerEnv in error state 5
2005-11-29 01:18:00,error,workerenv,7,mod_jk child workerEnv in error state 7
2005-11-29 01:18:00,error,workerenv,6,mod_jk child workerEnv in error state 6
2005-11-29 01:18:00,error,workerenv,6,mod_jk child workerEnv in error state 6
2005-11-29 01:18:00,error,workerenv,6,mod_jk child workerEnv in error state 6
2005-11-29 01:18:00,error,workerenv,5,mod_jk child workerEnv in error state 5
2005-11-29 01:18:00,error,workerenv,6,mod_jk child workerEnv in error state 6
2005-11-29 01:18:00,error,workerenv,5,mod_jk child workerEnv in error state 5
2005-11-29 03:36:31,error,workerenv,5,mod_jk child workerEnv in error state 5
2005-11-29 03:36:31,error,workerenv,5,mod_jk child workerEnv in error state 5
2005-11-29 03:40:44,error,workerenv,5,mod_jk child workerEnv in error state 5
2005-11-29 03:40:44,error,workerenv,5,mod_jk child workerEnv in error state 5
2005-11-29 03:45:34,error,workerenv,5,mod_jk child workerEnv in error state 5
2005-11-29 03:45:34,error,workerenv,5,mod_jk child workerEnv in error state 5
2005-11-29 03:50:46,error,workerenv,5,mod_jk child workerEnv in error state 5
2005-11-29 03:50:46,error,workerenv,5,mod_jk child workerEnv in error state 5
2005-11-29 03:55:28,error,workerenv,5,mod_jk child workerEnv in error state 5
2005-11-29 04:00:25,error,workerenv,5,mod_jk child workerEnv in error state 5
2005-11-29 04:13:26,error,workerenv,5,mod_jk child workerEnv in error state 5
2005-11-29 04:13:26,error,workerenv,9,mod_jk child workerEnv in error state 9
2005-11-29 04:13:26,error,workerenv,7,mod_jk child workerEnv in error state 7
2005-11-29 04:13:26,error,workerenv,5,mod_jk child workerEnv in error state 5
2005-11-29 04:13:26,error,workerenv,8,mod_jk child workerEnv in error state 8
2005-11-29 04:13:26,error,workerenv,5,mod_jk child workerEnv in error state 5
2005-11-29 04:13:26,error,workerenv,8,mod_jk child workerEnv in error state 8
2005-11-29 04:16:34,error,workerenv,5,mod_jk child workerEnv in error state 5
2005-11-29 04:23:44,error,workerenv,7,mod_jk child workerEnv in error state 7
2005-11-29 04:23:44,error,workerenv,6,mod_jk child workerEnv in error state 6
2005-11-29 04:23:44,error,workerenv,7,mod_jk child workerEnv in error state 7
2005-11-29 04:23:53,error,workerenv,7,mod_jk child workerEnv in error state 7
2005-11-29 04:31:17,error,workerenv,7,mod_jk child workerEnv in error state 7
2005-11-29 04:31:17,error,workerenv,6,mod_jk child workerEnv in error state 6
2005-11-29 04:31:17,error,workerenv,7,mod_jk child workerEnv in error state 7
2005-11-29 04:32:15,error,workerenv,5,mod_jk child workerEnv in error state 5
2005-11-29 04:32:15,error,workerenv,5,mod_jk child workerEnv in error state 5
2005-11-29 04:32:15,error,workerenv,5,mod_jk child workerEnv in error state 5
2005-11-29 04:32:15,error,workerenv,5,mod_jk child workerEnv in error state 5
2005-11-29 04:37:01,error,workerenv,5,mod_jk child workerEnv in error state 5
2005-11-29 04:37:49,error,workerenv,5,mod_jk child workerEnv in error state 5
2005-11-29 04:43:13,error,workerenv,8,mod_jk child workerEnv in error state 8
2005-11-29 04:43:13,error,workerenv,7,mod_jk child workerEnv in error state 7
2005-11-29 04:43:13,error,workerenv,5,mod_jk child workerEnv in error state 5
2005-11-29 04:43:13,error,workerenv,5,mod_jk child workerEnv in error state 5
2005-11-29 04:43:13,error,workerenv,8,mod_jk child workerEnv in error state 8
2005-11-29 04:43:13,error,workerenv,9,mod_jk child workerEnv in error state 9
2005-11-29 04:43:13,error,workerenv,5,mod_jk child workerEnv in error state 5
2005-11-29 05:06:35,error,workerenv,5,mod_jk child workerEnv in error state 5
2005-11-29 05:15:51,error,workerenv,5,mod_jk child workerEnv in error state 5
2005-11-29 05:21:33,error,workerenv,5,mod_jk child workerEnv in error state 5
2005-11-29 05:21:33,error,workerenv,5,mod_jk child workerEnv in error state 5
2005-11-29 05:21:33,error,workerenv,5,mod_jk child workerEnv in error state 5
2005-11-29 05:21:33,error,workerenv,5,mod_jk child workerEnv in error state 5
2005-11-29 05:26:40,error,workerenv,5,mod_jk child workerEnv in error state 5
2005-11-29 05:26:40,error,workerenv,5,mod_jk child workerEnv in error state 5
2005-11-29 05:26:40,error,workerenv,5,mod_jk child workerEnv in error state 5
2005-11-29 05:26:40,error,workerenv,5,mod_jk child workerEnv in error state 5
2005-11-29 05:34:19,error,workerenv,5,mod_jk child workerEnv in error state 5
2005-11-29 05:34:19,error,workerenv,7,mod_jk child workerEnv in error state 7
2005-11-29 05:34:19,error,workerenv,6,mod_jk child workerEnv in error state 6
2005-11-29 05:34:19,error,workerenv,7,mod_jk child workerEnv in error state 7
2005-11-29 05:34:19,error,workerenv,6,mod_jk child workerEnv in error state 6
2005-11-29 05:34:19,error,workerenv,5,mod_jk child workerEnv in error state 5
2005-11-29 05:34:19,error,workerenv,5,mod_jk child workerEnv in error state 5
2005-11-29 05:56:11,error,workerenv,5,mod_jk child workerEnv in error state 5
2005-11-29 05:59:29,error,workerenv,5,mod_jk child workerEnv in error state 5
2005-11-29 06:00:37,error,workerenv,5,mod_jk child workerEnv in error state 5
2005-11-29 06:06:23,error,workerenv,5,mod_jk child workerEnv in error state 5
2005-11-29 06:06:23,error,workerenv,5,mod_jk child workerEnv in error state 5
2005-11-29 06:06:23,error,workerenv,6,mod_jk child workerEnv in error state 6
2005-11-29 06:06:23,error,workerenv,6,mod_jk child workerEnv in error state 6
2005-11-29 06:07:00,error,workerenv,5,mod_jk child workerEnv in error state 5
2005-11-29 06:07:01,error,workerenv,5,mod_jk child workerEnv in error state 5
2005-11-29 06:07:02,error,workerenv,5,mod_jk child workerEnv in error state 5
2005-11-29 06:07:02,error,workerenv,5,mod_jk child workerEnv in error state 5
2005-11-29 06:07:02,error,workerenv,5,mod_jk child workerEnv in error state 5
2005-11-29 06:07:02,error,workerenv,5,mod_jk child workerEnv in error state 5
2005-11-29 06:07:02,error,workerenv,5,mod_jk child workerEnv in error state 5
2005-11-29 06:07:03,error,workerenv,5,mod_jk child workerEnv in error state 5
2005-11-29 06:07:07,error,workerenv,5,mod_jk child workerEnv in error state 5
2005-11-29 06:07:10,error,workerenv,5,mod_jk child workerEnv in error state 5
2005-11-29 06:07:34,error,workerenv,5,mod_jk child workerEnv in error state 5
2005-11-29 06:07:34,error,workerenv,5,mod_jk child workerEnv in error state 5
2005-11-29 06:07:34,error,workerenv,5,mod_jk child workerEnv in error state 5
2005-11-29 06:07:55,error,workerenv,5,mod_jk child workerEnv in error state 5
2005-11-29 06:08:14,error,workerenv,5,mod_jk child workerEnv in error state 5
2005-11-29 06:08:14,error,workerenv,5,mod_jk child workerEnv in error state 5
2005-11-29 06:08:14,error,workerenv,5,mod_jk child workerEnv in error state 5
2005-11-29 06:08:32,error,workerenv,5,mod_jk child workerEnv in error state 5
2005-11-29 06:08:50,error,workerenv,5,mod_jk child workerEnv in error state 5
2005-11-29 06:08:50,error,workerenv,5,mod_jk child workerEnv in error state 5
2005-11-29 06:08:50,error,workerenv,5,mod_jk child workerEnv in error state 5
2005-11-29 06:09:20,error,workerenv,5,mod_jk child workerEnv in error state 5
2005-11-29 06:09:39,error,workerenv,5,mod_jk child workerEnv in error state 5
2005-11-29 06:09:39,error,workerenv,5,mod_jk child workerEnv in error state 5
2005-11-29 06:09:39,error,workerenv,5,mod_jk child workerEnv in error state 5
2005-11-29 06:10:20,error,workerenv,5,mod_jk child workerEnv in error state 5
2005-11-29 06:10:20,error,workerenv,5,mod_jk child workerEnv in error state 5
2005-11-29 06:10:20,error,workerenv,5,mod_jk child workerEnv in error state 5
2005-11-29 06:10:20,error,workerenv,5,mod_jk child workerEnv in error state 5
2005-11-29 06:11:26,error,workerenv,5,mod_jk child workerEnv in error state 5
2005-11-29 06:11:26,error,workerenv,5,mod_jk child workerEnv in error state 5
2005-11-29 06:11:26,error,workerenv,5,mod_jk child workerEnv in error state 5
2005-11-29 06:11:26,error,workerenv,5,mod_jk child workerEnv in error state 5
2005-11-29 06:11:26,error,workerenv,5,mod_jk child workerEnv in error state 5
2005-11-29 06:11:26,error,workerenv,5,mod_jk child workerEnv in error state 5
2005-11-29 06:11:26,error,workerenv,5,mod_jk child workerEnv in error state 5
2005-11-29 06:12:37,error,workerenv,5,mod_jk child workerEnv in error state 5
2005-11-29 06:12:37,error,workerenv,5,mod_jk child workerEnv in error state 5
2005-11-29 06:12:37,error,workerenv,5,mod_jk child workerEnv in error state 5
2005-11-29 06:12:37,error,workerenv,5,mod_jk child workerEnv in error state 5
2005-11-29 06:12:37,error,workerenv,5,mod_jk child workerEnv in error state 5
2005-11-29 06:12:37,error,workerenv,5,mod_jk child workerEnv in error state 5
2005-11-29 06:12:37,error,workerenv,5,mod_jk child workerEnv in error state 5
2005-11-29 09:16:42,error,workerenv,5,mod_jk child workerEnv in error state 5
2005-11-29 09:16:42,error,workerenv,5,mod_jk child workerEnv in error state 5
2005-11-29 09:16:42,error,workerenv,5,mod_jk child workerEnv in error state 5
2005-11-29 09:16:42,error,workerenv,5,mod_jk child workerEnv in error state 5
2005-11-29 09:16:42,error,workerenv,5,mod_jk child workerEnv in error state 5
2005-11-29 09:16:42,error,workerenv,5,mod_jk child workerEnv in error state 5
2005-11-29 09:16:42,error,workerenv,5,mod_jk child workerEnv in error state 5
2005-11-29 09:16:48,error,workerenv,5,mod_jk child workerEnv in error state 5
2005-11-29 09:16:54,error,workerenv,1,mod_jk child workerEnv in error state 1
2005-11-29 09:16:56,error,workerenv,1,mod_jk child workerEnv in error state 1
2005-11-29 09:16:58,error,workerenv,1,mod_jk child workerEnv in error state 1
2005-11-29 11:44:03,error,workerenv,5,mod_jk child workerEnv in error state 5
2005-11-29 11:44:03,error,workerenv,5,mod_jk child workerEnv in error state 5
2005-11-29 11:44:03,error,workerenv,5,mod_jk child workerEnv in error state 5
2005-11-29 11:44:03,error,workerenv,5,mod_jk child workerEnv in error state 5
2005-11-29 11:44:03,error,workerenv,5,mod_jk child workerEnv in error state 5
2005-11-29 11:44:03,error,workerenv,5,mod_jk child workerEnv in error state 5
2005-11-29 11:44:03,error,workerenv,5,mod_jk child workerEnv in error state 5
2005-11-29 12:56:53,error,workerenv,5,mod_jk child workerEnv in error state 5
2005-11-29 12:56:53,error,workerenv,5,mod_jk child workerEnv in error state 5
2005-11-29 12:56:53,error,workerenv,5,mod_jk child workerEnv in error state 5
2005-11-29 12:56:53,error,workerenv,5,mod_jk child workerEnv in error state 5
2005-11-29 12:56:53,error,workerenv,5,mod_jk child workerEnv in error state 5
2005-11-29 12:56:53,error,workerenv,5,mod_jk child workerEnv in error state 5
2005-11-29 12:56:53,error,workerenv,5,mod_jk child workerEnv in error state 5
2005-11-29 12:56:54,error,workerenv,5,mod_jk child workerEnv in error state 5
2005-11-29 12:56:56,error,workerenv,5,mod_jk child workerEnv in error state 5
2005-11-29 12:56:56,error,workerenv,5,mod_jk child workerEnv in error state 5
2005-11-29 12:56:56,error,workerenv,5,mod_jk child workerEnv in error state 5
2005-11-29 12:56:56,error,workerenv,5,mod_jk child workerEnv in error state 5
2005-11-29 12:56:57,error,workerenv,5,mod_jk child workerEnv in error state 5
2005-11-29 12:57:42,error,workerenv,5,mod_jk child workerEnv in error state 5
2005-11-29 12:57:42,error,workerenv,5,mod_jk child workerEnv in error state 5
2005-11-29 12:57:42,error,workerenv,5,mod_jk child workerEnv in error state 5
2005-11-29 12:57:42,error,workerenv,5,mod_jk child workerEnv in error state 5
2005-11-29 12:57:42,error,workerenv,5,mod_jk child workerEnv in error state 5
2005-11-29 12:57:42,error,workerenv,5,mod_jk child workerEnv in error state 5
2005-11-29 12:57:42,error,workerenv,5,mod_jk child workerEnv in error state 5
2005-11-29 12:58:03,error,workerenv,5,mod_jk child workerEnv in error state 5
2005-11-29 12:58:43,error,workerenv,5,mod_jk child workerEnv in error state 5
2005-11-29 12:58:43,error,workerenv,5,mod_jk child workerEnv in error state 5
2005-11-29 12:58:43,error,workerenv,5,mod_jk child workerEnv in error state 5
2005-11-29 12:58:55,error,workerenv,5,mod_jk child workerEnv in error state 5
2005-11-29 12:59:01,error,workerenv,5,mod_jk child workerEnv in error state 5
2005-11-29 12:59:01,error,workerenv,5,mod_jk child workerEnv in error state 5
2005-11-29 12:59:01,error,workerenv,5,mod_jk child workerEnv in error state 5
2005-11-29 12:59:01,error,workerenv,5,mod_jk child workerEnv in error state 5
2005-11-29 12:59:40,error,workerenv,5,mod_jk child workerEnv in error state 5
2005-11-29 12:59:40,error,workerenv,5,mod_jk child workerEnv in error state 5
2005-11-29 12:59:40,error,workerenv,5,mod_jk child workerEnv in error state 5
2005-11-29 12:59:40,error,workerenv,5,mod_jk child workerEnv in error state 5
2005-11-29 12:59:40,error,workerenv,1,mod_jk child workerEnv in error state 1
2005-11-29 12:59:40,error,workerenv,5,mod_jk child workerEnv in error state 5
2005-11-29 12:59:40,error,workerenv,5,mod_jk child workerEnv in error state 5
2005-11-29 13:00:51,error,workerenv,5,mod_jk child workerEnv in error state 5
2005-11-29 13:00:51,error,workerenv,1,mod_jk child workerEnv in error state 1
2005-11-29 13:00:51,error,workerenv,5,mod_jk child workerEnv in error state 5
2005-11-29 13:00:51,error,workerenv,5,mod_jk child workerEnv in error state 5
2005-11-29 13:00:51,error,workerenv,5,mod_jk child workerEnv in error state 5
2005-11-29 13:00:51,error,workerenv,1,mod_jk child workerEnv in error state 1
2005-11-29 21:33:29,error,workerenv,5,mod_jk child workerEnv in error state 5
2005-11-29 21:33:29,error,workerenv,5,mod_jk child workerEnv in error state 5
2005-11-29 21:33:29,error,workerenv,5,mod_jk child workerEnv in error state 5
2005-11-29 21:33:29,error,workerenv,5,mod_jk child workerEnv in error state 5
2005-11-29 22:20:56,error,workerenv,5,mod_jk child workerEnv in error state 5
2005-11-29 22:26:03,error,workerenv,5,mod_jk child workerEnv in error state 5
2005-11-29 22:26:03,error,workerenv,5,mod_jk child workerEnv in error state 5
2005-11-29 22:32:32,error,workerenv,6,mod_jk child workerEnv in error state 6
2005-11-29 22:32:32,error,workerenv,5,mod_jk child workerEnv in error state 5
2005-11-29 22:32:33,error,workerenv,5,mod_jk child workerEnv in error state 5
2005-11-29 22:32:33,error,workerenv,5,mod_jk child workerEnv in error state 5
2005-11-29 22:36:23,error,workerenv,5,mod_jk child workerEnv in error state 5
2005-11-29 22:36:23,error,workerenv,5,mod_jk child workerEnv in error state 5
2005-11-29 22:36:23,error,workerenv,5,mod_jk child workerEnv in error state 5
2005-11-29 22:36:23,error,workerenv,5,mod_jk child workerEnv in error state 5
2005-11-29 22:38:42,error,workerenv,5,mod_jk child workerEnv in error state 5
2005-11-29 22:43:48,error,workerenv,6,mod_jk child workerEnv in error state 6
2005-11-29 22:43:48,error,workerenv,6,mod_jk child workerEnv in error state 6
2005-11-29 22:43:48,error,workerenv,6,mod_jk child workerEnv in error state 6
2005-11-29 22:43:48,error,workerenv,6,mod_jk child workerEnv in error state 6
2005-11-29 22:46:17,error,workerenv,5,mod_jk child workerEnv in error state 5
2005-11-29 22:46:17,error,workerenv,5,mod_jk child workerEnv in error state 5
2005-11-29 22:46:17,error,workerenv,5,mod_jk child workerEnv in error state 5
2005-11-29 22:46:17,error,workerenv,5,mod_jk child workerEnv in error state 5
2005-11-29 22:51:45,error,workerenv,5,mod_jk child workerEnv in error state 5
2005-11-29 22:52:26,error,workerenv,6,mod_jk child workerEnv in error state 6
2005-11-29 22:52:26,error,workerenv,5,mod_jk child workerEnv in error state 5
2005-11-29 22:52:26,error,workerenv,6,mod_jk child workerEnv in error state 6
2005-11-29 22:52:31,error,workerenv,7,mod_jk child workerEnv in error state 7
2005-11-29 22:56:58,error,workerenv,5,mod_jk child workerEnv in error state 5
2005-11-29 22:56:58,error,workerenv,6,mod_jk child workerEnv in error state 6
2005-11-29 22:56:58,error,workerenv,6,mod_jk child workerEnv in error state 6
2005-11-29 22:56:58,error,workerenv,5,mod_jk child workerEnv in error state 5
2005-11-29 23:00:51,error,workerenv,5,mod_jk child workerEnv in error state 5
2005-11-29 23:00:51,error,workerenv,5,mod_jk child workerEnv in error state 5
2005-11-29 23:00:51,error,workerenv,5,mod_jk child workerEnv in error state 5
2005-11-29 23:00:51,error,workerenv,5,mod_jk child workerEnv in error state 5
2005-11-29 23:06:44,error,workerenv,5,mod_jk child workerEnv in error state 5
2005-11-29 23:06:44,error,workerenv,6,mod_jk child workerEnv in error state 6
2005-11-29 23:06:44,error,workerenv,5,mod_jk child workerEnv in error state 5
2005-11-29 23:06:44,error,workerenv,5,mod_jk child workerEnv in error state 5
2005-11-29 23:12:23,error,workerenv,6,mod_jk child workerEnv in error state 6
2005-11-29 23:12:23,error,workerenv,5,mod_jk child workerEnv in error state 5
2005-11-29 23:12:25,error,workerenv,6,mod_jk child workerEnv in error state 6
2005-11-29 23:12:25,error,workerenv,7,mod_jk child workerEnv in error state 7
2005-11-29 23:18:36,error,workerenv,6,mod_jk child workerEnv in error state 6
2005-11-29 23:19:18,error,workerenv,7,mod_jk child workerEnv in error state 7
2005-11-29 23:19:57,error,workerenv,5,mod_jk child workerEnv in error state 5
2005-11-29 23:19:57,error,workerenv,8,mod_jk child workerEnv in error state 8
2005-11-29 23:19:57,error,workerenv,6,mod_jk child workerEnv in error state 6
2005-11-29 23:19:57,error,workerenv,7,mod_jk child workerEnv in error state 7
2005-11-29 23:24:06,error,workerenv,6,mod_jk child workerEnv in error state 6
2005-11-29 23:25:04,error,workerenv,8,mod_jk child workerEnv in error state 8
2005-11-29 23:25:04,error,workerenv,7,mod_jk child workerEnv in error state 7
2005-11-29 23:25:04,error,workerenv,6,mod_jk child workerEnv in error state 6
2005-11-29 23:25:04,error,workerenv,8,mod_jk child workerEnv in error state 8
2005-11-29 23:28:25,error,workerenv,7,mod_jk child workerEnv in error state 7
2005-11-29 23:28:25,error,workerenv,6,mod_jk child workerEnv in error state 6
2005-11-29 23:28:25,error,workerenv,5,mod_jk child workerEnv in error state 5
2005-11-29 23:28:25,error,workerenv,7,mod_jk child workerEnv in error state 7
2005-11-29 23:35:38,error,workerenv,5,mod_jk child workerEnv in error state 5
2005-11-29 23:35:38,error,workerenv,5,mod_jk child workerEnv in error state 5
2005-11-29 23:41:05,error,workerenv,5,mod_jk child workerEnv in error state 5
2005-11-29 23:41:05,error,workerenv,5,mod_jk child workerEnv in error state 5
2005-11-29 23:41:07,error,workerenv,5,mod_jk child workerEnv in error state 5
2005-11-29 23:46:07,error,workerenv,5,mod_jk child workerEnv in error state 5
2005-11-29 23:46:07,error,workerenv,5,mod_jk child workerEnv in error state 5
2005-11-29 23:46:07,error,workerenv,5,mod_jk child workerEnv in error state 5
2005-11-29 23:52:35,error,workerenv,6,mod_jk child workerEnv in error state 6
2005-11-29 23:52:35,error,workerenv,6,mod_jk child workerEnv in error state 6
2005-11-29 23:52:40,error,workerenv,6,mod_jk child workerEnv in error state 6
2005-11-29 23:52:40,error,workerenv,6,mod_jk child workerEnv in error state 6
2005-11-29 23:52:40,error,workerenv,5,mod_jk child workerEnv in error state 5
2005-11-29 23:57:37,error,workerenv,6,mod_jk child workerEnv in error state 6
2005-11-29 23:57:37,error,workerenv,6,mod_jk child workerEnv in error state 6
2005-11-29 23:57:37,error,workerenv,6,mod_jk child workerEnv in error state 6
2005-11-29 23:57:44,error,workerenv,7,mod_jk child workerEnv in error state 7
2005-11-30 00:01:46,error,workerenv,5,mod_jk child workerEnv in error state 5
2005-11-30 00:01:46,error,workerenv,5,mod_jk child workerEnv in error state 5
2005-11-30 00:01:46,error,workerenv,5,mod_jk child workerEnv in error state 5
2005-11-30 00:01:46,error,workerenv,5,mod_jk child workerEnv in error state 5
2005-11-30 00:06:04,error,workerenv,5,mod_jk child workerEnv in error state 5
2005-11-30 00:06:48,error,workerenv,6,mod_jk child workerEnv in error state 6
2005-11-30 00:07:05,error,workerenv,6,mod_jk child workerEnv in error state 6
2005-11-30 00:08:27,error,workerenv,7,mod_jk child workerEnv in error state 7
2005-11-30 00:08:27,error,workerenv,5,mod_jk child workerEnv in error state 5
2005-11-30 00:08:27,error,workerenv,6,mod_jk child workerEnv in error state 6
2005-11-30 00:08:27,error,workerenv,5,mod_jk child workerEnv in error state 5
2005-11-30 00:11:41,error,workerenv,6,mod_jk child workerEnv in error state 6
2005-11-30 00:11:41,error,workerenv,5,mod_jk child workerEnv in error state 5
2005-11-30 00:11:41,error,workerenv,5,mod_jk child workerEnv in error state 5
2005-11-30 00:11:41,error,workerenv,5,mod_jk child workerEnv in error state 5
2005-11-30 00:18:58,error,workerenv,7,mod_jk child workerEnv in error state 7
2005-11-30 00:18:58,error,workerenv,6,mod_jk child workerEnv in error state 6
2005-11-30 00:18:58,error,workerenv,6,mod_jk child workerEnv in error state 6
2005-11-30 00:18:58,error,workerenv,7,mod_jk child workerEnv in error state 7
2005-11-30 00:21:36,error,workerenv,5,mod_jk child workerEnv in error state 5
2005-11-30 00:21:36,error,workerenv,5,mod_jk child workerEnv in error state 5
2005-11-30 00:22:50,error,workerenv,5,mod_jk child workerEnv in error state 5
2005-11-30 00:22:55,error,workerenv,7,mod_jk child workerEnv in error state 7
2005-11-30 00:22:55,error,workerenv,5,mod_jk child workerEnv in error state 5
2005-11-30 00:22:55,error,workerenv,7,mod_jk child workerEnv in error state 7
2005-11-30 00:29:11,error,workerenv,8,mod_jk child workerEnv in error state 8
2005-11-30 00:29:11,error,workerenv,6,mod_jk child workerEnv in error state 6
2005-11-30 00:29:11,error,workerenv,8,mod_jk child workerEnv in error state 8
2005-11-30 00:29:11,error,workerenv,7,mod_jk child workerEnv in error state 7
2005-11-30 00:36:47,error,workerenv,6,mod_jk child workerEnv in error state 6
2005-11-30 00:36:48,error,workerenv,6,mod_jk child workerEnv in error state 6
2005-11-30 00:36:48,error,workerenv,5,mod_jk child workerEnv in error state 5
2005-11-30 04:13:06,error,workerenv,5,mod_jk child workerEnv in error state 5
2005-11-30 04:13:14,error,workerenv,5,mod_jk child workerEnv in error state 5
2005-11-30 04:14:22,error,workerenv,5,mod_jk child workerEnv in error state 5
2005-11-30 04:14:22,error,workerenv,5,mod_jk child workerEnv in error state 5
2005-11-30 04:18:52,error,workerenv,6,mod_jk child workerEnv in error state 6
2005-11-30 04:18:52,error,workerenv,5,mod_jk child workerEnv in error state 5
2005-11-30 04:18:52,error,workerenv,6,mod_jk child workerEnv in error state 6
2005-11-30 04:18:52,error,workerenv,6,mod_jk child workerEnv in error state 6
2005-11-30 04:18:52,error,workerenv,5,mod_jk child workerEnv in error state 5
2005-11-30 04:18:52,error,workerenv,5,mod_jk child workerEnv in error state 5
2005-11-30 04:18:52,error,workerenv,5,mod_jk child workerEnv in error state 5
2005-11-30 05:01:13,error,workerenv,5,mod_jk child workerEnv in error state 5
2005-11-30 05:07:07,error,workerenv,5,mod_jk child workerEnv in error state 5
2005-11-30 05:07:07,error,workerenv,5,mod_jk child workerEnv in error state 5
2005-11-30 05:07:07,error,workerenv,5,mod_jk child workerEnv in error state 5
2005-11-30 05:07:11,error,workerenv,6,mod_jk child workerEnv in error state 6
2005-11-30 05:13:47,error,workerenv,6,mod_jk child workerEnv in error state 6
2005-11-30 05:15:44,error,workerenv,7,mod_jk child workerEnv in error state 7
2005-11-30 05:15:44,error,workerenv,7,mod_jk child workerEnv in error state 7
2005-11-30 05:15:44,error,workerenv,7,mod_jk child workerEnv in error state 7
2005-11-30 05:15:44,error,workerenv,5,mod_jk child workerEnv in error state 5
2005-11-30 05:15:44,error,workerenv,5,mod_jk child workerEnv in error state 5
2005-11-30 05:27:52,error,workerenv,5,mod_jk child workerEnv in error state 5
2005-11-30 06:35:28,error,workerenv,5,mod_jk child workerEnv in error state 5
2005-11-30 06:40:24,error,workerenv,5,mod_jk child workerEnv in error state 5
2005-11-30 06:55:32,error,workerenv,5,mod_jk child workerEnv in error state 5
2005-11-30 07:00:23,error,workerenv,5,mod_jk child workerEnv in error state 5
2005-11-30 07:04:58,error,workerenv,5,mod_jk child workerEnv in error state 5
2005-11-30 07:04:59,error,workerenv,5,mod_jk child workerEnv in error state 5
2005-11-30 07:04:59,error,workerenv,5,mod_jk child workerEnv in error state 5
2005-11-30 07:10:59,error,workerenv,5,mod_jk child workerEnv in error state 5
2005-11-30 07:10:59,error,workerenv,5,mod_jk child workerEnv in error state 5
2005-11-30 07:10:59,error,workerenv,5,mod_jk child workerEnv in error state 5
2005-11-30 07:14:09,error,workerenv,5,mod_jk child workerEnv in error state 5
2005-11-30 07:19:07,error,workerenv,5,mod_jk child workerEnv in error state 5
2005-11-30 07:21:40,error,workerenv,6,mod_jk child workerEnv in error state 6
2005-11-30 07:21:40,error,workerenv,6,mod_jk child workerEnv in error state 6
2005-11-30 07:21:40,error,workerenv,5,mod_jk child workerEnv in error state 5
2005-11-30 07:21:40,error,workerenv,5,mod_jk child workerEnv in error state 5
2005-11-30 07:26:28,error,workerenv,5,mod_jk child workerEnv in error state 5
2005-11-30 07:26:29,error,workerenv,5,mod_jk child workerEnv in error state 5
2005-11-30 07:26:29,error,workerenv,5,mod_jk child workerEnv in error state 5
2005-11-30 07:26:29,error,workerenv,5,mod_jk child workerEnv in error state 5
2005-11-30 07:31:58,error,workerenv,5,mod_jk child workerEnv in error state 5
2005-11-30 07:31:58,error,workerenv,6,mod_jk child workerEnv in error state 6
2005-11-30 07:31:58,error,workerenv,5,mod_jk child workerEnv in error state 5
2005-11-30 07:32:09,error,workerenv,7,mod_jk child workerEnv in error state 7
2005-11-30 07:38:13,error,workerenv,5,mod_jk child workerEnv in error state 5
2005-11-30 07:38:13,error,workerenv,5,mod_jk child workerEnv in error state 5
2005-11-30 07:38:13,error,workerenv,5,mod_jk child workerEnv in error state 5
2005-11-30 07:38:13,error,workerenv,6,mod_jk child workerEnv in error state 6
2005-11-30 07:41:34,error,workerenv,5,mod_jk child workerEnv in error state 5
2005-11-30 07:43:24,error,workerenv,6,mod_jk child workerEnv in error state 6
2005-11-30 07:43:24,error,workerenv,5,mod_jk child workerEnv in error state 5
2005-11-30 07:43:24,error,workerenv,5,mod_jk child workerEnv in error state 5
2005-11-30 07:43:32,error,workerenv,7,mod_jk child workerEnv in error state 7
2005-11-30 07:46:07,error,workerenv,5,mod_jk child workerEnv in error state 5
2005-11-30 07:46:07,error,workerenv,5,mod_jk child workerEnv in error state 5
2005-11-30 07:46:32,error,workerenv,5,mod_jk child workerEnv in error state 5
2005-11-30 07:48:50,error,workerenv,5,mod_jk child workerEnv in error state 5
2005-11-30 07:49:16,error,workerenv,6,mod_jk child workerEnv in error state 6
2005-11-30 07:49:16,error,workerenv,6,mod_jk child workerEnv in error state 6
2005-11-30 07:49:16,error,workerenv,6,mod_jk child workerEnv in error state 6
2005-11-30 07:49:16,error,workerenv,7,mod_jk child workerEnv in error state 7
2005-11-30 07:51:45,error,workerenv,5,mod_jk child workerEnv in error state 5
2005-11-30 07:51:45,error,workerenv,5,mod_jk child workerEnv in error state 5
2005-11-30 07:51:45,error,workerenv,5,mod_jk child workerEnv in error state 5
2005-11-30 07:51:45,error,workerenv,5,mod_jk child workerEnv in error state 5
2005-11-30 07:57:25,error,workerenv,5,mod_jk child workerEnv in error state 5
2005-11-30 07:57:25,error,workerenv,7,mod_jk child workerEnv in error state 7
2005-11-30 07:57:25,error,workerenv,6,mod_jk child workerEnv in error state 6
2005-11-30 07:57:25,error,workerenv,7,mod_jk child workerEnv in error state 7
2005-11-30 08:03:54,error,workerenv,7,mod_jk child workerEnv in error state 7
2005-11-30 08:03:54,error,workerenv,7,mod_jk child workerEnv in error state 7
2005-11-30 08:03:54,error,workerenv,7,mod_jk child workerEnv in error state 7
2005-11-30 10:40:31,error,workerenv,5,mod_jk child workerEnv in error state 5
2005-11-30 10:42:34,error,workerenv,5,mod_jk child workerEnv in error state 5
2005-11-30 10:46:17,error,workerenv,5,mod_jk child workerEnv in error state 5
2005-11-30 10:46:17,error,workerenv,5,mod_jk child workerEnv in error state 5
2005-11-30 10:46:18,error,workerenv,6,mod_jk child workerEnv in error state 6
2005-11-30 10:46:18,error,workerenv,5,mod_jk child workerEnv in error state 5
2005-11-30 10:50:54,error,workerenv,5,mod_jk child workerEnv in error state 5
2005-11-30 10:50:54,error,workerenv,5,mod_jk child workerEnv in error state 5
2005-11-30 11:12:27,error,workerenv,6,mod_jk child workerEnv in error state 6
2005-11-30 11:12:27,error,workerenv,6,mod_jk child workerEnv in error state 6
2005-11-30 11:12:27,error,workerenv,7,mod_jk child workerEnv in error state 7
2005-11-30 11:12:27,error,workerenv,7,mod_jk child workerEnv in error state 7
2005-11-30 11:15:58,error,workerenv,5,mod_jk child workerEnv in error state 5
2005-11-30 11:21:19,error,workerenv,5,mod_jk child workerEnv in error state 5
2005-11-30 11:21:19,error,workerenv,5,mod_jk child workerEnv in error state 5
2005-11-30 11:21:24,error,workerenv,5,mod_jk child workerEnv in error state 5
2005-11-30 11:21:24,error,workerenv,5,mod_jk child workerEnv in error state 5
2005-11-30 11:26:20,error,workerenv,5,mod_jk child workerEnv in error state 5
2005-11-30 11:26:20,error,workerenv,5,mod_jk child workerEnv in error state 5
2005-11-30 11:26:20,error,workerenv,5,mod_jk child workerEnv in error state 5
2005-11-30 11:26:20,error,workerenv,5,mod_jk child workerEnv in error state 5
2005-11-30 11:33:00,error,workerenv,6,mod_jk child workerEnv in error state 6
2005-11-30 11:33:00,error,workerenv,5,mod_jk child workerEnv in error state 5
2005-11-30 11:33:00,error,workerenv,6,mod_jk child workerEnv in error state 6
2005-11-30 11:33:00,error,workerenv,5,mod_jk child workerEnv in error state 5
2005-11-30 11:36:13,error,workerenv,5,mod_jk child workerEnv in error state 5
2005-11-30 11:36:13,error,workerenv,5,mod_jk child workerEnv in error state 5
2005-11-30 11:36:13,error,workerenv,5,mod_jk child workerEnv in error state 5
2005-11-30 11:36:15,error,workerenv,5,mod_jk child workerEnv in error state 5
2005-11-30 11:42:16,error,workerenv,5,mod_jk child workerEnv in error state 5
2005-11-30 11:42:16,error,workerenv,5,mod_jk child workerEnv in error state 5
2005-11-30 11:44:54,error,workerenv,8,mod_jk child workerEnv in error state 8
2005-11-30 11:44:54,error,workerenv,5,mod_jk child workerEnv in error state 5
2005-11-30 11:44:54,error,workerenv,7,mod_jk child workerEnv in error state 7
2005-11-30 11:44:54,error,workerenv,7,mod_jk child workerEnv in error state 7
2005-11-30 11:48:32,error,workerenv,7,mod_jk child workerEnv in error state 7
2005-11-30 11:48:32,error,workerenv,7,mod_jk child workerEnv in error state 7
2005-11-30 11:48:32,error,workerenv,7,mod_jk child workerEnv in error state 7
2005-11-30 11:48:32,error,workerenv,7,mod_jk child workerEnv in error state 7
2005-11-30 11:49:49,error,workerenv,5,mod_jk child workerEnv in error state 5
2005-11-30 11:57:45,error,workerenv,6,mod_jk child workerEnv in error state 6
2005-11-30 11:57:45,error,workerenv,7,mod_jk child workerEnv in error state 7
2005-11-30 11:57:45,error,workerenv,6,mod_jk child workerEnv in error state 6
2005-11-30 11:57:45,error,workerenv,5,mod_jk child workerEnv in error state 5
2005-11-30 11:57:45,error,workerenv,7,mod_jk child workerEnv in error state 7
2005-11-30 13:30:52,error,workerenv,5,mod_jk child workerEnv in error state 5
2005-11-30 13:30:52,error,workerenv,5,mod_jk child workerEnv in error state 5
2005-11-30 13:35:42,error,workerenv,5,mod_jk child workerEnv in error state 5
2005-11-30 13:41:57,error,workerenv,5,mod_jk child workerEnv in error state 5
2005-11-30 13:41:57,error,workerenv,6,mod_jk child workerEnv in error state 6
2005-11-30 13:41:57,error,workerenv,5,mod_jk child workerEnv in error state 5
2005-11-30 13:41:57,error,workerenv,5,mod_jk child workerEnv in error state 5
2005-11-30 13:47:51,error,workerenv,6,mod_jk child workerEnv in error state 6
2005-11-30 13:47:51,error,workerenv,7,mod_jk child workerEnv in error state 7
2005-11-30 13:47:51,error,workerenv,7,mod_jk child workerEnv in error state 7
2005-11-30 13:47:51,error,workerenv,7,mod_jk child workerEnv in error state 7
2005-11-30 13:50:51,error,workerenv,5,mod_jk child workerEnv in error state 5
2005-11-30 13:50:51,error,workerenv,5,mod_jk child workerEnv in error state 5
2005-11-30 13:50:51,error,workerenv,5,mod_jk child workerEnv in error state 5
2005-11-30 13:57:02,error,workerenv,5,mod_jk child workerEnv in error state 5
2005-11-30 13:57:02,error,workerenv,5,mod_jk child workerEnv in error state 5
2005-11-30 13:57:02,error,workerenv,5,mod_jk child workerEnv in error state 5
2005-11-30 13:57:02,error,workerenv,5,mod_jk child workerEnv in error state 5
2005-12-01 11:45:17,error,workerenv,5,mod_jk child workerEnv in error state 5
2005-12-01 18:24:30,error,workerenv,5,mod_jk child workerEnv in error state 5
2005-12-01 18:28:02,error,workerenv,5,mod_jk child workerEnv in error state 5
2005-12-01 18:28:02,error,workerenv,5,mod_jk child workerEnv in error state 5
2005-12-01 18:28:02,error,workerenv,5,mod_jk child workerEnv in error state 5
2005-12-01 18:28:02,error,workerenv,5,mod_jk child workerEnv in error state 5
2005-12-01 18:28:02,error,workerenv,5,mod_jk child workerEnv in error state 5
2005-12-01 18:28:02,error,workerenv,5,mod_jk child workerEnv in error state 5
2005-12-01 18:28:02,error,workerenv,5,mod_jk child workerEnv in error state 5
2005-12-01 18:28:13,error,workerenv,5,mod_jk child workerEnv in error state 5
2005-12-01 19:41:23,error,workerenv,5,mod_jk child workerEnv in error state 5
2005-12-01 19:41:23,error,workerenv,5,mod_jk child workerEnv in error state 5
2005-12-01 19:41:23,error,workerenv,5,mod_jk child workerEnv in error state 5
2005-12-01 19:46:21,error,workerenv,5,mod_jk child workerEnv in error state 5
2005-12-01 19:46:21,error,workerenv,5,mod_jk child workerEnv in error state 5
2005-12-01 19:46:21,error,workerenv,5,mod_jk child workerEnv in error state 5
2005-12-01 19:50:37,error,workerenv,5,mod_jk child workerEnv in error state 5
2005-12-01 19:50:37,error,workerenv,5,mod_jk child workerEnv in error state 5
2005-12-01 19:50:37,error,workerenv,5,mod_jk child workerEnv in error state 5
2005-12-01 19:55:41,error,workerenv,5,mod_jk child workerEnv in error state 5
2005-12-01 19:55:41,error,workerenv,5,mod_jk child workerEnv in error state 5
2005-12-01 20:05:53,error,workerenv,5,mod_jk child workerEnv in error state 5
2005-12-01 20:05:53,error,workerenv,5,mod_jk child workerEnv in error state 5
2005-12-01 20:05:53,error,workerenv,5,mod_jk child workerEnv in error state 5
2005-12-01 20:11:25,error,workerenv,5,mod_jk child workerEnv in error state 5
2005-12-01 20:11:26,error,workerenv,5,mod_jk child workerEnv in error state 5
2005-12-01 20:11:26,error,workerenv,5,mod_jk child workerEnv in error state 5
2005-12-01 20:11:27,error,workerenv,5,mod_jk child workerEnv in error state 5
2005-12-01 20:19:53,error,workerenv,5,mod_jk child workerEnv in error state 5
2005-12-01 20:19:56,error,workerenv,5,mod_jk child workerEnv in error state 5
2005-12-01 20:31:26,error,workerenv,5,mod_jk child workerEnv in error state 5
2005-12-01 20:35:58,error,workerenv,5,mod_jk child workerEnv in error state 5
2005-12-01 20:35:58,error,workerenv,5,mod_jk child workerEnv in error state 5
2005-12-01 20:41:39,error,workerenv,5,mod_jk child workerEnv in error state 5
2005-12-01 20:41:39,error,workerenv,5,mod_jk child workerEnv in error state 5
2005-12-01 20:41:39,error,workerenv,6,mod_jk child workerEnv in error state 6
2005-12-01 20:41:39,error,workerenv,6,mod_jk child workerEnv in error state 6
2005-12-01 20:43:06,error,workerenv,5,mod_jk child workerEnv in error state 5
2005-12-01 20:46:30,error,workerenv,5,mod_jk child workerEnv in error state 5
2005-12-01 20:46:30,error,workerenv,5,mod_jk child workerEnv in error state 5
2005-12-01 20:50:46,error,workerenv,5,mod_jk child workerEnv in error state 5
2005-12-01 20:50:46,error,workerenv,5,mod_jk child workerEnv in error state 5
2005-12-01 20:50:46,error,workerenv,5,mod_jk child workerEnv in error state 5
2005-12-01 20:56:37,error,workerenv,5,mod_jk child workerEnv in error state 5
2005-12-01 20:56:37,error,workerenv,5,mod_jk child workerEnv in error state 5
2005-12-01 20:57:05,error,workerenv,6,mod_jk child workerEnv in error state 6
2005-12-01 20:57:05,error,workerenv,6,mod_jk child workerEnv in error state 6
2005-12-01 20:57:05,error,workerenv,5,mod_jk child workerEnv in error state 5
2005-12-01 21:27:32,error,workerenv,5,mod_jk child workerEnv in error state 5
2005-12-01 22:46:41,error,workerenv,5,mod_jk child workerEnv in error state 5
2005-12-01 22:46:41,error,workerenv,5,mod_jk child workerEnv in error state 5
2005-12-01 22:55:53,error,workerenv,5,mod_jk child workerEnv in error state 5
2005-12-01 22:55:53,error,workerenv,5,mod_jk child workerEnv in error state 5
2005-12-01 23:00:58,error,workerenv,5,mod_jk child workerEnv in error state 5
2005-12-01 23:13:21,error,workerenv,5,mod_jk child workerEnv in error state 5
2005-12-01 23:13:21,error,workerenv,5,mod_jk child workerEnv in error state 5
2005-12-01 23:13:21,error,workerenv,5,mod_jk child workerEnv in error state 5
2005-12-01 23:13:21,error,workerenv,5,mod_jk child workerEnv in error state 5
2005-12-02 00:33:56,error,workerenv,5,mod_jk child workerEnv in error state 5
2005-12-02 02:30:49,error,workerenv,5,mod_jk child workerEnv in error state 5
2005-12-02 02:35:34,error,workerenv,5,mod_jk child workerEnv in error state 5
2005-12-02 02:40:50,error,workerenv,5,mod_jk child workerEnv in error state 5
2005-12-02 02:40:50,error,workerenv,5,mod_jk child workerEnv in error state 5
2005-12-02 02:40:50,error,workerenv,5,mod_jk child workerEnv in error state 5
2005-12-02 02:45:39,error,workerenv,5,mod_jk child workerEnv in error state 5
2005-12-02 02:45:39,error,workerenv,5,mod_jk child workerEnv in error state 5
2005-12-02 02:50:24,error,workerenv,5,mod_jk child workerEnv in error state 5
2005-12-02 03:17:41,error,workerenv,5,mod_jk child workerEnv in error state 5
2005-12-02 03:17:41,error,workerenv,5,mod_jk child workerEnv in error state 5
2005-12-02 03:17:41,error,workerenv,5,mod_jk child workerEnv in error state 5
2005-12-02 03:17:41,error,workerenv,5,mod_jk child workerEnv in error state 5
2005-12-02 04:02:10,error,workerenv,5,mod_jk child workerEnv in error state 5
2005-12-02 08:40:33,error,workerenv,5,mod_jk child workerEnv in error state 5
2005-12-02 09:01:46,error,workerenv,5,mod_jk child workerEnv in error state 5
2005-12-02 09:01:46,error,workerenv,5,mod_jk child workerEnv in error state 5
2005-12-02 09:01:46,error,workerenv,5,mod_jk child workerEnv in error state 5
2005-12-02 09:01:46,error,workerenv,5,mod_jk child workerEnv in error state 5
2005-12-02 09:20:53,error,workerenv,5,mod_jk child workerEnv in error state 5
2005-12-02 09:25:56,error,workerenv,5,mod_jk child workerEnv in error state 5
2005-12-02 09:25:56,error,workerenv,5,mod_jk child workerEnv in error state 5
2005-12-02 09:28:24,error,workerenv,5,mod_jk child workerEnv in error state 5
2005-12-02 09:28:24,error,workerenv,5,mod_jk child workerEnv in error state 5
2005-12-02 09:28:24,error,workerenv,5,mod_jk child workerEnv in error state 5
2005-12-02 09:28:24,error,workerenv,5,mod_jk child workerEnv in error state 5
2005-12-02 09:28:24,error,workerenv,5,mod_jk child workerEnv in error state 5
2005-12-02 09:28:24,error,workerenv,5,mod_jk child workerEnv in error state 5
2005-12-02 09:28:24,error,workerenv,5,mod_jk child workerEnv in error state 5
2005-12-02 09:28:30,error,workerenv,5,mod_jk child workerEnv in error state 5
2005-12-02 09:28:30,error,workerenv,5,mod_jk child workerEnv in error state 5
2005-12-02 09:28:30,error,workerenv,5,mod_jk child workerEnv in error state 5
2005-12-02 09:33:23,error,workerenv,5,mod_jk child workerEnv in error state 5
2005-12-02 09:33:23,error,workerenv,5,mod_jk child workerEnv in error state 5
2005-12-02 09:33:23,error,workerenv,5,mod_jk child workerEnv in error state 5
2005-12-02 09:37:06,error,workerenv,5,mod_jk child workerEnv in error state 5
2005-12-02 09:37:06,error,workerenv,5,mod_jk child workerEnv in error state 5
2005-12-02 09:37:06,error,workerenv,5,mod_jk child workerEnv in error state 5
2005-12-02 09:37:06,error,workerenv,6,mod_jk child workerEnv in error state 6
2005-12-02 11:20:53,error,workerenv,5,mod_jk child workerEnv in error state 5
2005-12-02 11:25:49,error,workerenv,5,mod_jk child workerEnv in error state 5
2005-12-02 11:32:31,error,workerenv,5,mod_jk child workerEnv in error state 5
2005-12-02 11:32:31,error,workerenv,5,mod_jk child workerEnv in error state 5
2005-12-02 11:32:31,error,workerenv,5,mod_jk child workerEnv in error state 5
2005-12-02 11:32:31,error,workerenv,5,mod_jk child workerEnv in error state 5
2005-12-02 11:38:15,error,workerenv,6,mod_jk child workerEnv in error state 6
2005-12-02 11:38:15,error,workerenv,6,mod_jk child workerEnv in error state 6
2005-12-02 11:38:15,error,workerenv,5,mod_jk child workerEnv in error state 5
2005-12-02 11:38:15,error,workerenv,6,mod_jk child workerEnv in error state 6
2005-12-02 11:38:15,error,workerenv,5,mod_jk child workerEnv in error state 5
2005-12-02 14:26:09,error,workerenv,5,mod_jk child workerEnv in error state 5
2005-12-02 14:26:09,error,workerenv,5,mod_jk child workerEnv in error state 5
2005-12-02 14:31:33,error,workerenv,5,mod_jk child workerEnv in error state 5
2005-12-02 14:31:33,error,workerenv,5,mod_jk child workerEnv in error state 5
2005-12-02 14:31:35,error,workerenv,5,mod_jk child workerEnv in error state 5
2005-12-02 14:36:08,error,workerenv,5,mod_jk child workerEnv in error state 5
2005-12-02 14:36:08,error,workerenv,5,mod_jk child workerEnv in error state 5
2005-12-02 14:42:36,error,workerenv,5,mod_jk child workerEnv in error state 5
2005-12-02 14:42:36,error,workerenv,5,mod_jk child workerEnv in error state 5
2005-12-02 14:42:36,error,workerenv,5,mod_jk child workerEnv in error state 5
2005-12-02 14:42:49,error,workerenv,6,mod_jk child workerEnv in error state 6
2005-12-02 14:54:12,error,workerenv,5,mod_jk child workerEnv in error state 5
2005-12-02 20:35:35,error,workerenv,5,mod_jk child workerEnv in error state 5
2005-12-02 20:40:29,error,workerenv,5,mod_jk child workerEnv in error state 5
2005-12-02 20:40:53,error,workerenv,5,mod_jk child workerEnv in error state 5
2005-12-02 20:46:24,error,workerenv,5,mod_jk child workerEnv in error state 5
2005-12-02 20:46:24,error,workerenv,5,mod_jk child workerEnv in error state 5
2005-12-02 20:46:56,error,workerenv,5,mod_jk child workerEnv in error state 5
2005-12-02 20:46:56,error,workerenv,5,mod_jk child workerEnv in error state 5
2005-12-02 20:47:27,error,workerenv,5,mod_jk child workerEnv in error state 5
2005-12-02 20:50:47,error,workerenv,5,mod_jk child workerEnv in error state 5
2005-12-02 20:50:47,error,workerenv,5,mod_jk child workerEnv in error state 5
2005-12-02 21:00:23,error,workerenv,5,mod_jk child workerEnv in error state 5
2005-12-02 21:05:44,error,workerenv,5,mod_jk child workerEnv in error state 5
2005-12-02 21:05:44,error,workerenv,5,mod_jk child workerEnv in error state 5
2005-12-02 21:16:45,error,workerenv,5,mod_jk child workerEnv in error state 5
2005-12-02 21:16:45,error,workerenv,5,mod_jk child workerEnv in error state 5
2005-12-02 21:16:45,error,workerenv,5,mod_jk child workerEnv in error state 5
2005-12-02 21:16:45,error,workerenv,5,mod_jk child workerEnv in error state 5
2005-12-02 21:21:57,error,workerenv,5,mod_jk child workerEnv in error state 5
2005-12-02 21:21:57,error,workerenv,5,mod_jk child workerEnv in error state 5
2005-12-02 21:21:57,error,workerenv,5,mod_jk child workerEnv in error state 5
2005-12-02 21:21:57,error,workerenv,5,mod_jk child workerEnv in error state 5
2005-12-02 21:40:32,error,workerenv,5,mod_jk child workerEnv in error state 5
2005-12-02 21:55:27,error,workerenv,5,mod_jk child workerEnv in error state 5
2005-12-02 22:00:22,error,workerenv,5,mod_jk child workerEnv in error state 5
2005-12-02 22:10:54,error,workerenv,5,mod_jk child workerEnv in error state 5
2005-12-02 22:16:25,error,workerenv,5,mod_jk child workerEnv in error state 5
2005-12-02 22:16:25,error,workerenv,5,mod_jk child workerEnv in error state 5
2005-12-02 22:21:28,error,workerenv,5,mod_jk child workerEnv in error state 5
2005-12-02 22:21:28,error,workerenv,5,mod_jk child workerEnv in error state 5
2005-12-02 22:21:28,error,workerenv,5,mod_jk child workerEnv in error state 5
2005-12-02 22:21:28,error,workerenv,5,mod_jk child workerEnv in error state 5
2005-12-02 22:26:37,error,workerenv,5,mod_jk child workerEnv in error state 5
2005-12-02 22:26:40,error,workerenv,5,mod_jk child workerEnv in error state 5
2005-12-02 22:26:40,error,workerenv,5,mod_jk child workerEnv in error state 5
2005-12-02 22:26:40,error,workerenv,6,mod_jk child workerEnv in error state 6
2005-12-02 22:32:56,error,workerenv,5,mod_jk child workerEnv in error state 5
2005-12-02 22:32:56,error,workerenv,5,mod_jk child workerEnv in error state 5
2005-12-02 22:32:56,error,workerenv,6,mod_jk child workerEnv in error state 6
2005-12-02 22:32:56,error,workerenv,5,mod_jk child workerEnv in error state 5
2005-12-02 22:45:22,error,workerenv,5,mod_jk child workerEnv in error state 5
2005-12-02 22:52:19,error,workerenv,5,mod_jk child workerEnv in error state 5
2005-12-02 23:00:25,error,workerenv,5,mod_jk child workerEnv in error state 5
2005-12-02 23:05:25,error,workerenv,5,mod_jk child workerEnv in error state 5
2005-12-02 23:05:25,error,workerenv,5,mod_jk child workerEnv in error state 5
2005-12-02 23:17:13,error,workerenv,5,mod_jk child workerEnv in error state 5
2005-12-02 23:17:13,error,workerenv,6,mod_jk child workerEnv in error state 6
2005-12-02 23:17:13,error,workerenv,6,mod_jk child workerEnv in error state 6
2005-12-02 23:17:20,error,workerenv,5,mod_jk child workerEnv in error state 5
2005-12-02 23:20:45,error,workerenv,5,mod_jk child workerEnv in error state 5
2005-12-02 23:25:51,error,workerenv,5,mod_jk child workerEnv in error state 5
2005-12-02 23:25:51,error,workerenv,5,mod_jk child workerEnv in error state 5
2005-12-02 23:33:36,error,workerenv,5,mod_jk child workerEnv in error state 5
2005-12-02 23:33:36,error,workerenv,6,mod_jk child workerEnv in error state 6
2005-12-02 23:33:36,error,workerenv,5,mod_jk child workerEnv in error state 5
2005-12-02 23:33:36,error,workerenv,5,mod_jk child workerEnv in error state 5
2005-12-02 23:33:36,error,workerenv,5,mod_jk child workerEnv in error state 5
2005-12-02 23:36:20,error,workerenv,5,mod_jk child workerEnv in error state 5
2005-12-02 23:36:20,error,workerenv,5,mod_jk child workerEnv in error state 5
2005-12-02 23:36:20,error,workerenv,5,mod_jk child workerEnv in error state 5
2005-12-02 23:36:20,error,workerenv,5,mod_jk child workerEnv in error state 5
2005-12-02 23:42:39,error,workerenv,6,mod_jk child workerEnv in error state 6
2005-12-02 23:42:39,error,workerenv,5,mod_jk child workerEnv in error state 5
2005-12-02 23:42:39,error,workerenv,6,mod_jk child workerEnv in error state 6
2005-12-02 23:42:41,error,workerenv,7,mod_jk child workerEnv in error state 7
2005-12-02 23:45:38,error,workerenv,5,mod_jk child workerEnv in error state 5
2005-12-02 23:45:50,error,workerenv,5,mod_jk child workerEnv in error state 5
2005-12-03 00:10:38,error,workerenv,5,mod_jk child workerEnv in error state 5
2005-12-03 00:17:19,error,workerenv,5,mod_jk child workerEnv in error state 5
2005-12-03 00:17:20,error,workerenv,6,mod_jk child workerEnv in error state 6
2005-12-03 00:17:20,error,workerenv,6,mod_jk child workerEnv in error state 6
2005-12-03 00:17:20,error,workerenv,5,mod_jk child workerEnv in error state 5
2005-12-03 01:03:54,error,workerenv,5,mod_jk child workerEnv in error state 5
2005-12-03 01:19:10,error,workerenv,5,mod_jk child workerEnv in error state 5
2005-12-03 01:27:03,error,workerenv,5,mod_jk child workerEnv in error state 5
2005-12-03 01:27:03,error,workerenv,6,mod_jk child workerEnv in error state 6
2005-12-03 01:27:03,error,workerenv,5,mod_jk child workerEnv in error state 5
2005-12-03 01:27:03,error,workerenv,5,mod_jk child workerEnv in error state 5
2005-12-03 01:31:07,error,workerenv,5,mod_jk child workerEnv in error state 5
2005-12-03 01:31:07,error,workerenv,5,mod_jk child workerEnv in error state 5
2005-12-03 01:31:07,error,workerenv,5,mod_jk child workerEnv in error state 5
2005-12-03 01:31:07,error,workerenv,5,mod_jk child workerEnv in error state 5
2005-12-03 01:38:07,error,workerenv,7,mod_jk child workerEnv in error state 7
2005-12-03 01:38:07,error,workerenv,7,mod_jk child workerEnv in error state 7
2005-12-03 01:38:07,error,workerenv,6,mod_jk child workerEnv in error state 6
2005-12-03 01:38:07,error,workerenv,6,mod_jk child workerEnv in error state 6
2005-12-03 01:40:02,error,workerenv,5,mod_jk child workerEnv in error state 5
2005-12-03 02:15:41,error,workerenv,5,mod_jk child workerEnv in error state 5
2005-12-03 02:21:07,error,workerenv,5,mod_jk child workerEnv in error state 5
2005-12-03 02:21:07,error,workerenv,5,mod_jk child workerEnv in error state 5
2005-12-03 02:21:07,error,workerenv,5,mod_jk child workerEnv in error state 5
2005-12-03 02:21:07,error,workerenv,5,mod_jk child workerEnv in error state 5
2005-12-03 02:26:05,error,workerenv,5,mod_jk child workerEnv in error state 5
2005-12-03 02:31:00,error,workerenv,5,mod_jk child workerEnv in error state 5
2005-12-03 02:31:00,error,workerenv,5,mod_jk child workerEnv in error state 5
2005-12-03 02:31:00,error,workerenv,5,mod_jk child workerEnv in error state 5
2005-12-03 02:37:22,error,workerenv,5,mod_jk child workerEnv in error state 5
2005-12-03 02:37:22,error,workerenv,6,mod_jk child workerEnv in error state 6
2005-12-03 02:37:22,error,workerenv,5,mod_jk child workerEnv in error state 5
2005-12-03 02:37:22,error,workerenv,6,mod_jk child workerEnv in error state 6
2005-12-03 03:08:42,error,workerenv,5,mod_jk child workerEnv in error state 5
2005-12-03 04:06:46,error,workerenv,5,mod_jk child workerEnv in error state 5
2005-12-03 04:07:03,error,workerenv,6,mod_jk child workerEnv in error state 6
2005-12-03 04:07:03,error,workerenv,5,mod_jk child workerEnv in error state 5
2005-12-03 04:07:03,error,workerenv,6,mod_jk child workerEnv in error state 6
2005-12-03 04:13:20,error,workerenv,6,mod_jk child workerEnv in error state 6
2005-12-03 04:13:20,error,workerenv,5,mod_jk child workerEnv in error state 5
2005-12-03 04:13:20,error,workerenv,5,mod_jk child workerEnv in error state 5
2005-12-03 04:13:20,error,workerenv,5,mod_jk child workerEnv in error state 5
2005-12-03 04:55:55,error,workerenv,5,mod_jk child workerEnv in error state 5
2005-12-03 05:02:33,error,workerenv,5,mod_jk child workerEnv in error state 5
2005-12-03 05:02:34,error,workerenv,5,mod_jk child workerEnv in error state 5
2005-12-03 05:02:34,error,workerenv,5,mod_jk child workerEnv in error state 5
2005-12-03 05:02:34,error,workerenv,6,mod_jk child workerEnv in error state 6
2005-12-03 05:12:46,error,workerenv,5,mod_jk child workerEnv in error state 5
2005-12-03 05:12:46,error,workerenv,5,mod_jk child workerEnv in error state 5
2005-12-03 05:12:57,error,workerenv,6,mod_jk child workerEnv in error state 6
2005-12-03 05:12:57,error,workerenv,6,mod_jk child workerEnv in error state 6
2005-12-03 05:15:46,error,workerenv,5,mod_jk child workerEnv in error state 5
2005-12-03 05:21:39,error,workerenv,5,mod_jk child workerEnv in error state 5
2005-12-03 05:21:39,error,workerenv,5,mod_jk child workerEnv in error state 5
2005-12-03 05:21:39,error,workerenv,5,mod_jk child workerEnv in error state 5
2005-12-03 05:21:39,error,workerenv,5,mod_jk child workerEnv in error state 5
2005-12-03 05:28:24,error,workerenv,6,mod_jk child workerEnv in error state 6
2005-12-03 05:28:24,error,workerenv,5,mod_jk child workerEnv in error state 5
2005-12-03 05:28:24,error,workerenv,6,mod_jk child workerEnv in error state 6
2005-12-03 05:28:25,error,workerenv,5,mod_jk child workerEnv in error state 5
2005-12-03 05:33:11,error,workerenv,6,mod_jk child workerEnv in error state 6
2005-12-03 05:33:11,error,workerenv,5,mod_jk child workerEnv in error state 5
2005-12-03 05:33:12,error,workerenv,6,mod_jk child workerEnv in error state 6
2005-12-03 05:33:12,error,workerenv,6,mod_jk child workerEnv in error state 6
2005-12-03 05:40:53,error,workerenv,7,mod_jk child workerEnv in error state 7
2005-12-03 05:40:53,error,workerenv,9,mod_jk child workerEnv in error state 9
2005-12-03 05:40:53,error,workerenv,8,mod_jk child workerEnv in error state 8
2005-12-03 05:40:53,error,workerenv,6,mod_jk child workerEnv in error state 6
2005-12-03 06:17:14,error,workerenv,5,mod_jk child workerEnv in error state 5
2005-12-03 07:25:46,error,workerenv,5,mod_jk child workerEnv in error state 5
2005-12-03 07:31:19,error,workerenv,5,mod_jk child workerEnv in error state 5
2005-12-03 07:31:19,error,workerenv,5,mod_jk child workerEnv in error state 5
2005-12-03 07:35:36,error,workerenv,5,mod_jk child workerEnv in error state 5
2005-12-03 07:36:50,error,workerenv,5,mod_jk child workerEnv in error state 5
2005-12-03 07:36:50,error,workerenv,5,mod_jk child workerEnv in error state 5
2005-12-03 07:36:50,error,workerenv,5,mod_jk child workerEnv in error state 5
2005-12-03 07:36:50,error,workerenv,5,mod_jk child workerEnv in error state 5
2005-12-03 07:55:34,error,workerenv,5,mod_jk child workerEnv in error state 5
2005-12-03 08:25:40,error,workerenv,5,mod_jk child workerEnv in error state 5
2005-12-03 08:36:34,error,workerenv,5,mod_jk child workerEnv in error state 5
2005-12-03 08:37:44,error,workerenv,6,mod_jk child workerEnv in error state 6
2005-12-03 08:37:44,error,workerenv,6,mod_jk child workerEnv in error state 6
2005-12-03 08:37:44,error,workerenv,6,mod_jk child workerEnv in error state 6
2005-12-03 08:37:44,error,workerenv,5,mod_jk child workerEnv in error state 5
2005-12-03 08:42:23,error,workerenv,5,mod_jk child workerEnv in error state 5
2005-12-03 08:42:23,error,workerenv,5,mod_jk child workerEnv in error state 5
2005-12-03 08:42:23,error,workerenv,6,mod_jk child workerEnv in error state 6
2005-12-03 08:42:23,error,workerenv,6,mod_jk child workerEnv in error state 6
2005-12-03 09:01:09,error,workerenv,5,mod_jk child workerEnv in error state 5
2005-12-03 09:30:43,error,workerenv,5,mod_jk child workerEnv in error state 5
2005-12-03 09:36:45,error,workerenv,5,mod_jk child workerEnv in error state 5
2005-12-03 09:37:06,error,workerenv,5,mod_jk child workerEnv in error state 5
2005-12-03 09:37:06,error,workerenv,5,mod_jk child workerEnv in error state 5
2005-12-03 09:37:07,error,workerenv,5,mod_jk child workerEnv in error state 5
2005-12-03 09:38:07,error,workerenv,5,mod_jk child workerEnv in error state 5
2005-12-03 09:38:07,error,workerenv,5,mod_jk child workerEnv in error state 5
2005-12-03 09:38:07,error,workerenv,5,mod_jk child workerEnv in error state 5
2005-12-03 09:38:07,error,workerenv,5,mod_jk child workerEnv in error state 5
2005-12-03 09:41:04,error,workerenv,5,mod_jk child workerEnv in error state 5
2005-12-03 09:41:04,error,workerenv,5,mod_jk child workerEnv in error state 5
2005-12-03 09:46:11,error,workerenv,5,mod_jk child workerEnv in error state 5
2005-12-03 09:46:11,error,workerenv,5,mod_jk child workerEnv in error state 5
2005-12-03 09:47:14,error,workerenv,5,mod_jk child workerEnv in error state 5
2005-12-03 09:47:14,error,workerenv,6,mod_jk child workerEnv in error state 6
2005-12-03 09:47:14,error,workerenv,6,mod_jk child workerEnv in error state 6
2005-12-03 09:47:14,error,workerenv,5,mod_jk child workerEnv in error state 5
2005-12-03 09:50:34,error,workerenv,5,mod_jk child workerEnv in error state 5
2005-12-03 09:50:34,error,workerenv,5,mod_jk child workerEnv in error state 5
2005-12-03 09:55:34,error,workerenv,5,mod_jk child workerEnv in error state 5
2005-12-03 10:01:29,error,workerenv,5,mod_jk child workerEnv in error state 5
2005-12-03 10:01:29,error,workerenv,5,mod_jk child workerEnv in error state 5
2005-12-03 10:01:29,error,workerenv,5,mod_jk child workerEnv in error state 5
2005-12-03 10:01:29,error,workerenv,5,mod_jk child workerEnv in error state 5
2005-12-03 10:12:06,error,workerenv,6,mod_jk child workerEnv in error state 6
2005-12-03 10:12:06,error,workerenv,5,mod_jk child workerEnv in error state 5
2005-12-03 10:12:06,error,workerenv,6,mod_jk child workerEnv in error state 6
2005-12-03 10:12:06,error,workerenv,5,mod_jk child workerEnv in error state 5
2005-12-03 10:16:03,error,workerenv,5,mod_jk child workerEnv in error state 5
2005-12-03 10:16:03,error,workerenv,5,mod_jk child workerEnv in error state 5
2005-12-03 10:16:03,error,workerenv,5,mod_jk child workerEnv in error state 5
2005-12-03 10:16:03,error,workerenv,5,mod_jk child workerEnv in error state 5
2005-12-03 10:21:38,error,workerenv,5,mod_jk child workerEnv in error state 5
2005-12-03 10:21:38,error,workerenv,5,mod_jk child workerEnv in error state 5
2005-12-03 10:21:38,error,workerenv,5,mod_jk child workerEnv in error state 5
2005-12-03 10:21:38,error,workerenv,5,mod_jk child workerEnv in error state 5
2005-12-03 10:30:32,error,workerenv,5,mod_jk child workerEnv in error state 5
2005-12-03 10:35:44,error,workerenv,5,mod_jk child workerEnv in error state 5
2005-12-03 10:41:13,error,workerenv,5,mod_jk child workerEnv in error state 5
2005-12-03 10:41:13,error,workerenv,5,mod_jk child workerEnv in error state 5
2005-12-03 10:41:14,error,workerenv,5,mod_jk child workerEnv in error state 5
2005-12-03 10:41:14,error,workerenv,5,mod_jk child workerEnv in error state 5
2005-12-03 10:46:36,error,workerenv,5,mod_jk child workerEnv in error state 5
2005-12-03 10:46:36,error,workerenv,5,mod_jk child workerEnv in error state 5
2005-12-03 10:46:36,error,workerenv,5,mod_jk child workerEnv in error state 5
2005-12-03 10:46:36,error,workerenv,5,mod_jk child workerEnv in error state 5
2005-12-03 10:52:11,error,workerenv,6,mod_jk child workerEnv in error state 6
2005-12-03 10:52:11,error,workerenv,6,mod_jk child workerEnv in error state 6
2005-12-03 10:52:11,error,workerenv,5,mod_jk child workerEnv in error state 5
2005-12-03 10:52:11,error,workerenv,5,mod_jk child workerEnv in error state 5
2005-12-03 10:55:25,error,workerenv,5,mod_jk child workerEnv in error state 5
2005-12-03 11:00:52,error,workerenv,5,mod_jk child workerEnv in error state 5
2005-12-03 11:00:52,error,workerenv,5,mod_jk child workerEnv in error state 5
2005-12-03 11:00:52,error,workerenv,5,mod_jk child workerEnv in error state 5
2005-12-03 11:06:46,error,workerenv,6,mod_jk child workerEnv in error state 6
2005-12-03 11:06:46,error,workerenv,6,mod_jk child workerEnv in error state 6
2005-12-03 11:06:46,error,workerenv,5,mod_jk child workerEnv in error state 5
2005-12-03 11:06:46,error,workerenv,6,mod_jk child workerEnv in error state 6
2005-12-03 11:10:56,error,workerenv,5,mod_jk child workerEnv in error state 5
2005-12-03 11:10:56,error,workerenv,5,mod_jk child workerEnv in error state 5
2005-12-03 11:10:56,error,workerenv,5,mod_jk child workerEnv in error state 5
2005-12-03 11:17:44,error,workerenv,5,mod_jk child workerEnv in error state 5
2005-12-03 11:17:44,error,workerenv,5,mod_jk child workerEnv in error state 5
2005-12-03 11:17:44,error,workerenv,5,mod_jk child workerEnv in error state 5
2005-12-03 11:17:44,error,workerenv,5,mod_jk child workerEnv in error state 5
2005-12-03 11:23:38,error,workerenv,7,mod_jk child workerEnv in error state 7
2005-12-03 11:23:38,error,workerenv,6,mod_jk child workerEnv in error state 6
2005-12-03 11:23:38,error,workerenv,6,mod_jk child workerEnv in error state 6
2005-12-03 11:23:38,error,workerenv,6,mod_jk child workerEnv in error state 6
2005-12-03 11:27:53,error,workerenv,5,mod_jk child workerEnv in error state 5
2005-12-03 11:27:53,error,workerenv,7,mod_jk child workerEnv in error state 7
2005-12-03 11:27:53,error,workerenv,7,mod_jk child workerEnv in error state 7
2005-12-03 11:27:53,error,workerenv,7,mod_jk child workerEnv in error state 7
2005-12-03 11:32:12,error,workerenv,5,mod_jk child workerEnv in error state 5
2005-12-03 11:32:12,error,workerenv,5,mod_jk child workerEnv in error state 5
2005-12-03 11:32:12,error,workerenv,5,mod_jk child workerEnv in error state 5
2005-12-03 11:32:35,error,workerenv,5,mod_jk child workerEnv in error state 5
2005-12-03 11:32:35,error,workerenv,6,mod_jk child workerEnv in error state 6
2005-12-03 11:38:19,error,workerenv,6,mod_jk child workerEnv in error state 6
2005-12-03 11:38:19,error,workerenv,6,mod_jk child workerEnv in error state 6
2005-12-03 11:38:19,error,workerenv,7,mod_jk child workerEnv in error state 7
2005-12-03 11:38:19,error,workerenv,6,mod_jk child workerEnv in error state 6
2005-12-03 11:48:32,error,workerenv,5,mod_jk child workerEnv in error state 5
2005-12-03 11:50:47,error,workerenv,5,mod_jk child workerEnv in error state 5
2005-12-03 11:57:32,error,workerenv,6,mod_jk child workerEnv in error state 6
2005-12-03 11:57:32,error,workerenv,5,mod_jk child workerEnv in error state 5
2005-12-03 11:57:32,error,workerenv,5,mod_jk child workerEnv in error state 5
2005-12-03 11:57:32,error,workerenv,6,mod_jk child workerEnv in error state 6
2005-12-03 12:02:18,error,workerenv,6,mod_jk child workerEnv in error state 6
2005-12-03 12:02:18,error,workerenv,5,mod_jk child workerEnv in error state 5
2005-12-03 12:02:18,error,workerenv,6,mod_jk child workerEnv in error state 6
2005-12-03 12:02:18,error,workerenv,6,mod_jk child workerEnv in error state 6
2005-12-03 12:11:19,error,workerenv,5,mod_jk child workerEnv in error state 5
2005-12-03 12:11:19,error,workerenv,5,mod_jk child workerEnv in error state 5
2005-12-03 12:11:19,error,workerenv,5,mod_jk child workerEnv in error state 5
2005-12-03 12:11:19,error,workerenv,5,mod_jk child workerEnv in error state 5
2005-12-03 12:16:50,error,workerenv,5,mod_jk child workerEnv in error state 5
2005-12-03 12:16:50,error,workerenv,5,mod_jk child workerEnv in error state 5
2005-12-03 12:16:50,error,workerenv,5,mod_jk child workerEnv in error state 5
2005-12-03 12:16:50,error,workerenv,5,mod_jk child workerEnv in error state 5
2005-12-03 12:21:52,error,workerenv,5,mod_jk child workerEnv in error state 5
2005-12-03 12:21:52,error,workerenv,5,mod_jk child workerEnv in error state 5
2005-12-03 12:21:52,error,workerenv,5,mod_jk child workerEnv in error state 5
2005-12-03 12:21:52,error,workerenv,5,mod_jk child workerEnv in error state 5
2005-12-03 12:35:46,error,workerenv,5,mod_jk child workerEnv in error state 5
2005-12-03 12:41:48,error,workerenv,5,mod_jk child workerEnv in error state 5
2005-12-03 12:41:48,error,workerenv,5,mod_jk child workerEnv in error state 5
2005-12-03 12:41:48,error,workerenv,5,mod_jk child workerEnv in error state 5
2005-12-03 12:41:48,error,workerenv,5,mod_jk child workerEnv in error state 5
2005-12-03 12:45:25,error,workerenv,5,mod_jk child workerEnv in error state 5
2005-12-03 12:50:53,error,workerenv,5,mod_jk child workerEnv in error state 5
2005-12-03 12:50:53,error,workerenv,5,mod_jk child workerEnv in error state 5
2005-12-03 12:50:53,error,workerenv,5,mod_jk child workerEnv in error state 5
2005-12-03 12:55:40,error,workerenv,5,mod_jk child workerEnv in error state 5
2005-12-03 12:55:40,error,workerenv,5,mod_jk child workerEnv in error state 5
2005-12-03 13:02:19,error,workerenv,6,mod_jk child workerEnv in error state 6
2005-12-03 13:02:19,error,workerenv,5,mod_jk child workerEnv in error state 5
2005-12-03 13:02:19,error,workerenv,5,mod_jk child workerEnv in error state 5
2005-12-03 13:02:19,error,workerenv,6,mod_jk child workerEnv in error state 6
2005-12-03 13:11:20,error,workerenv,5,mod_jk child workerEnv in error state 5
2005-12-03 13:11:20,error,workerenv,5,mod_jk child workerEnv in error state 5
2005-12-03 13:11:20,error,workerenv,5,mod_jk child workerEnv in error state 5
2005-12-03 13:11:20,error,workerenv,5,mod_jk child workerEnv in error state 5
2005-12-03 13:16:23,error,workerenv,5,mod_jk child workerEnv in error state 5
2005-12-03 13:16:23,error,workerenv,5,mod_jk child workerEnv in error state 5
2005-12-03 13:16:23,error,workerenv,5,mod_jk child workerEnv in error state 5
2005-12-03 13:16:23,error,workerenv,5,mod_jk child workerEnv in error state 5
2005-12-03 13:22:16,error,workerenv,5,mod_jk child workerEnv in error state 5
2005-12-03 13:22:16,error,workerenv,5,mod_jk child workerEnv in error state 5
2005-12-03 13:22:16,error,workerenv,5,mod_jk child workerEnv in error state 5
2005-12-03 13:22:17,error,workerenv,5,mod_jk child workerEnv in error state 5
2005-12-03 13:35:46,error,workerenv,5,mod_jk child workerEnv in error state 5
2005-12-03 13:35:46,error,workerenv,5,mod_jk child workerEnv in error state 5
2005-12-03 13:41:03,error,workerenv,5,mod_jk child workerEnv in error state 5
2005-12-03 13:41:04,error,workerenv,5,mod_jk child workerEnv in error state 5
2005-12-03 13:45:49,error,workerenv,5,mod_jk child workerEnv in error state 5
2005-12-03 13:45:49,error,workerenv,5,mod_jk child workerEnv in error state 5
2005-12-03 13:45:49,error,workerenv,5,mod_jk child workerEnv in error state 5
2005-12-03 13:45:49,error,workerenv,5,mod_jk child workerEnv in error state 5
2005-12-03 13:55:20,error,workerenv,5,mod_jk child workerEnv in error state 5
2005-12-03 14:02:57,error,workerenv,5,mod_jk child workerEnv in error state 5
2005-12-03 14:02:57,error,workerenv,6,mod_jk child workerEnv in error state 6
2005-12-03 14:02:57,error,workerenv,5,mod_jk child workerEnv in error state 5
2005-12-03 14:02:57,error,workerenv,6,mod_jk child workerEnv in error state 6
2005-12-03 14:12:56,error,workerenv,5,mod_jk child workerEnv in error state 5
2005-12-03 14:12:56,error,workerenv,5,mod_jk child workerEnv in error state 5
2005-12-03 14:12:56,error,workerenv,5,mod_jk child workerEnv in error state 5
2005-12-03 14:12:56,error,workerenv,6,mod_jk child workerEnv in error state 6
2005-12-03 14:16:13,error,workerenv,5,mod_jk child workerEnv in error state 5
2005-12-03 14:16:13,error,workerenv,5,mod_jk child workerEnv in error state 5
2005-12-03 14:16:13,error,workerenv,5,mod_jk child workerEnv in error state 5
2005-12-03 14:22:30,error,workerenv,5,mod_jk child workerEnv in error state 5
2005-12-03 14:22:30,error,workerenv,6,mod_jk child workerEnv in error state 6
2005-12-03 14:22:30,error,workerenv,5,mod_jk child workerEnv in error state 5
2005-12-03 14:22:30,error,workerenv,6,mod_jk child workerEnv in error state 6
2005-12-03 14:27:08,error,workerenv,5,mod_jk child workerEnv in error state 5
2005-12-03 14:28:29,error,workerenv,5,mod_jk child workerEnv in error state 5
2005-12-03 14:28:29,error,workerenv,7,mod_jk child workerEnv in error state 7
2005-12-03 14:28:29,error,workerenv,6,mod_jk child workerEnv in error state 6
2005-12-03 14:28:30,error,workerenv,6,mod_jk child workerEnv in error state 6
2005-12-03 14:32:40,error,workerenv,6,mod_jk child workerEnv in error state 6
2005-12-03 14:32:40,error,workerenv,6,mod_jk child workerEnv in error state 6
2005-12-03 14:32:40,error,workerenv,5,mod_jk child workerEnv in error state 5
2005-12-03 14:32:40,error,workerenv,6,mod_jk child workerEnv in error state 6
2005-12-03 14:46:09,error,workerenv,5,mod_jk child workerEnv in error state 5
2005-12-03 14:46:09,error,workerenv,5,mod_jk child workerEnv in error state 5
2005-12-03 14:46:09,error,workerenv,5,mod_jk child workerEnv in error state 5
2005-12-03 14:46:09,error,workerenv,5,mod_jk child workerEnv in error state 5
2005-12-03 14:50:35,error,workerenv,5,mod_jk child workerEnv in error state 5
2005-12-03 15:00:59,error,workerenv,5,mod_jk child workerEnv in error state 5
2005-12-03 15:00:59,error,workerenv,5,mod_jk child workerEnv in error state 5
2005-12-03 15:00:59,error,workerenv,5,mod_jk child workerEnv in error state 5
2005-12-03 15:01:12,error,workerenv,5,mod_jk child workerEnv in error state 5
2005-12-03 15:17:21,error,workerenv,6,mod_jk child workerEnv in error state 6
2005-12-03 15:17:21,error,workerenv,5,mod_jk child workerEnv in error state 5
2005-12-03 15:17:21,error,workerenv,5,mod_jk child workerEnv in error state 5
2005-12-03 15:17:21,error,workerenv,5,mod_jk child workerEnv in error state 5
2005-12-03 15:22:05,error,workerenv,6,mod_jk child workerEnv in error state 6
2005-12-03 15:22:05,error,workerenv,5,mod_jk child workerEnv in error state 5
2005-12-03 15:22:05,error,workerenv,5,mod_jk child workerEnv in error state 5
2005-12-03 15:22:05,error,workerenv,5,mod_jk child workerEnv in error state 5
2005-12-03 15:27:34,error,workerenv,5,mod_jk child workerEnv in error state 5
2005-12-03 15:27:34,error,workerenv,5,mod_jk child workerEnv in error state 5
2005-12-03 15:27:34,error,workerenv,6,mod_jk child workerEnv in error state 6
2005-12-03 15:27:34,error,workerenv,5,mod_jk child workerEnv in error state 5
2005-12-03 15:31:39,error,workerenv,6,mod_jk child workerEnv in error state 6
2005-12-03 15:31:39,error,workerenv,5,mod_jk child workerEnv in error state 5
2005-12-03 15:31:39,error,workerenv,6,mod_jk child workerEnv in error state 6
2005-12-03 15:31:39,error,workerenv,6,mod_jk child workerEnv in error state 6
2005-12-03 15:37:19,error,workerenv,5,mod_jk child workerEnv in error state 5
2005-12-03 15:37:19,error,workerenv,5,mod_jk child workerEnv in error state 5
2005-12-03 15:37:19,error,workerenv,5,mod_jk child workerEnv in error state 5
2005-12-03 15:37:20,error,workerenv,6,mod_jk child workerEnv in error state 6
2005-12-03 15:42:21,error,workerenv,6,mod_jk child workerEnv in error state 6
2005-12-03 15:42:21,error,workerenv,5,mod_jk child workerEnv in error state 5
2005-12-03 15:42:21,error,workerenv,7,mod_jk child workerEnv in error state 7
2005-12-03 15:42:21,error,workerenv,5,mod_jk child workerEnv in error state 5
2005-12-03 15:55:27,error,workerenv,5,mod_jk child workerEnv in error state 5
2005-12-03 16:00:35,error,workerenv,5,mod_jk child workerEnv in error state 5
2005-12-03 16:00:35,error,workerenv,5,mod_jk child workerEnv in error state 5
2005-12-03 16:10:32,error,workerenv,5,mod_jk child workerEnv in error state 5
2005-12-03 16:11:02,error,workerenv,5,mod_jk child workerEnv in error state 5
2005-12-03 16:17:01,error,workerenv,6,mod_jk child workerEnv in error state 6
2005-12-03 16:17:01,error,workerenv,5,mod_jk child workerEnv in error state 5
2005-12-03 16:17:01,error,workerenv,5,mod_jk child workerEnv in error state 5
2005-12-03 16:17:01,error,workerenv,5,mod_jk child workerEnv in error state 5
2005-12-03 16:22:54,error,workerenv,6,mod_jk child workerEnv in error state 6
2005-12-03 16:22:54,error,workerenv,6,mod_jk child workerEnv in error state 6
2005-12-03 16:22:54,error,workerenv,6,mod_jk child workerEnv in error state 6
2005-12-03 16:22:54,error,workerenv,5,mod_jk child workerEnv in error state 5
2005-12-03 16:27:15,error,workerenv,6,mod_jk child workerEnv in error state 6
2005-12-03 16:27:15,error,workerenv,5,mod_jk child workerEnv in error state 5
2005-12-03 16:27:15,error,workerenv,5,mod_jk child workerEnv in error state 5
2005-12-03 16:27:15,error,workerenv,5,mod_jk child workerEnv in error state 5
2005-12-03 16:29:35,error,workerenv,5,mod_jk child workerEnv in error state 5
2005-12-03 16:33:47,error,workerenv,6,mod_jk child workerEnv in error state 6
2005-12-03 16:33:47,error,workerenv,6,mod_jk child workerEnv in error state 6
2005-12-03 16:33:47,error,workerenv,6,mod_jk child workerEnv in error state 6
2005-12-03 16:33:47,error,workerenv,6,mod_jk child workerEnv in error state 6
2005-12-03 16:36:32,error,workerenv,5,mod_jk child workerEnv in error state 5
2005-12-03 16:36:32,error,workerenv,5,mod_jk child workerEnv in error state 5
2005-12-03 16:36:32,error,workerenv,5,mod_jk child workerEnv in error state 5
2005-12-03 16:36:32,error,workerenv,5,mod_jk child workerEnv in error state 5
2005-12-03 16:41:55,error,workerenv,5,mod_jk child workerEnv in error state 5
2005-12-03 16:41:55,error,workerenv,5,mod_jk child workerEnv in error state 5
2005-12-03 16:41:55,error,workerenv,5,mod_jk child workerEnv in error state 5
2005-12-03 16:41:55,error,workerenv,6,mod_jk child workerEnv in error state 6
2005-12-03 16:47:45,error,workerenv,6,mod_jk child workerEnv in error state 6
2005-12-03 16:47:45,error,workerenv,6,mod_jk child workerEnv in error state 6
2005-12-03 16:47:45,error,workerenv,5,mod_jk child workerEnv in error state 5
2005-12-03 16:47:45,error,workerenv,5,mod_jk child workerEnv in error state 5
2005-12-03 16:50:41,error,workerenv,5,mod_jk child workerEnv in error state 5
2005-12-03 17:00:26,error,workerenv,5,mod_jk child workerEnv in error state 5
2005-12-03 17:05:32,error,workerenv,5,mod_jk child workerEnv in error state 5
2005-12-03 17:10:48,error,workerenv,5,mod_jk child workerEnv in error state 5
2005-12-03 17:15:44,error,workerenv,5,mod_jk child workerEnv in error state 5
2005-12-03 17:15:44,error,workerenv,5,mod_jk child workerEnv in error state 5
2005-12-03 17:20:50,error,workerenv,5,mod_jk child workerEnv in error state 5
2005-12-03 17:27:00,error,workerenv,5,mod_jk child workerEnv in error state 5
2005-12-03 17:27:00,error,workerenv,5,mod_jk child workerEnv in error state 5
2005-12-03 17:27:00,error,workerenv,6,mod_jk child workerEnv in error state 6
2005-12-03 17:27:00,error,workerenv,6,mod_jk child workerEnv in error state 6
2005-12-03 17:31:43,error,workerenv,5,mod_jk child workerEnv in error state 5
2005-12-03 17:31:43,error,workerenv,5,mod_jk child workerEnv in error state 5
2005-12-03 17:31:43,error,workerenv,5,mod_jk child workerEnv in error state 5
2005-12-03 17:31:43,error,workerenv,5,mod_jk child workerEnv in error state 5
2005-12-03 17:38:26,error,workerenv,7,mod_jk child workerEnv in error state 7
2005-12-03 17:38:26,error,workerenv,6,mod_jk child workerEnv in error state 6
2005-12-03 17:38:26,error,workerenv,7,mod_jk child workerEnv in error state 7
2005-12-03 17:38:26,error,workerenv,7,mod_jk child workerEnv in error state 7
2005-12-03 17:41:41,error,workerenv,5,mod_jk child workerEnv in error state 5
2005-12-03 17:41:41,error,workerenv,5,mod_jk child workerEnv in error state 5
2005-12-03 17:41:51,error,workerenv,6,mod_jk child workerEnv in error state 6
2005-12-03 17:41:51,error,workerenv,6,mod_jk child workerEnv in error state 6
2005-12-03 17:46:07,error,workerenv,5,mod_jk child workerEnv in error state 5
2005-12-03 17:46:07,error,workerenv,5,mod_jk child workerEnv in error state 5
2005-12-03 17:48:06,error,workerenv,6,mod_jk child workerEnv in error state 6
2005-12-03 17:48:06,error,workerenv,7,mod_jk child workerEnv in error state 7
2005-12-03 17:49:07,error,workerenv,5,mod_jk child workerEnv in error state 5
2005-12-03 17:49:07,error,workerenv,5,mod_jk child workerEnv in error state 5
2005-12-03 17:49:07,error,workerenv,7,mod_jk child workerEnv in error state 7
2005-12-03 17:49:07,error,workerenv,7,mod_jk child workerEnv in error state 7
2005-12-03 17:51:22,error,workerenv,5,mod_jk child workerEnv in error state 5
2005-12-03 17:51:23,error,workerenv,5,mod_jk child workerEnv in error state 5
2005-12-03 17:52:18,error,workerenv,5,mod_jk child workerEnv in error state 5
2005-12-03 17:54:23,error,workerenv,8,mod_jk child workerEnv in error state 8
2005-12-03 17:54:23,error,workerenv,7,mod_jk child workerEnv in error state 7
2005-12-03 17:54:24,error,workerenv,6,mod_jk child workerEnv in error state 6
2005-12-03 17:57:06,error,workerenv,5,mod_jk child workerEnv in error state 5
2005-12-03 17:57:06,error,workerenv,5,mod_jk child workerEnv in error state 5
2005-12-03 17:57:06,error,workerenv,5,mod_jk child workerEnv in error state 5
2005-12-03 20:30:40,error,workerenv,5,mod_jk child workerEnv in error state 5
2005-12-03 20:35:38,error,workerenv,5,mod_jk child workerEnv in error state 5
2005-12-03 20:40:40,error,workerenv,5,mod_jk child workerEnv in error state 5
2005-12-03 20:45:53,error,workerenv,5,mod_jk child workerEnv in error state 5
2005-12-03 20:45:53,error,workerenv,5,mod_jk child workerEnv in error state 5
2005-12-03 20:45:54,error,workerenv,5,mod_jk child workerEnv in error state 5
2005-12-03 20:45:54,error,workerenv,5,mod_jk child workerEnv in error state 5
2005-12-03 20:50:33,error,workerenv,5,mod_jk child workerEnv in error state 5
2005-12-03 21:00:56,error,workerenv,5,mod_jk child workerEnv in error state 5
2005-12-03 21:00:56,error,workerenv,5,mod_jk child workerEnv in error state 5
2005-12-03 21:00:56,error,workerenv,5,mod_jk child workerEnv in error state 5
2005-12-03 21:00:58,error,workerenv,6,mod_jk child workerEnv in error state 6
2005-12-03 21:12:36,error,workerenv,7,mod_jk child workerEnv in error state 7
2005-12-03 21:12:36,error,workerenv,6,mod_jk child workerEnv in error state 6
2005-12-03 21:12:36,error,workerenv,5,mod_jk child workerEnv in error state 5
2005-12-03 21:12:36,error,workerenv,6,mod_jk child workerEnv in error state 6
2005-12-03 21:16:15,error,workerenv,5,mod_jk child workerEnv in error state 5
2005-12-03 21:16:15,error,workerenv,5,mod_jk child workerEnv in error state 5
2005-12-03 21:16:15,error,workerenv,5,mod_jk child workerEnv in error state 5
2005-12-03 21:16:15,error,workerenv,5,mod_jk child workerEnv in error state 5
2005-12-03 21:21:23,error,workerenv,5,mod_jk child workerEnv in error state 5
2005-12-03 21:21:23,error,workerenv,5,mod_jk child workerEnv in error state 5
2005-12-03 21:21:23,error,workerenv,5,mod_jk child workerEnv in error state 5
2005-12-03 21:21:23,error,workerenv,5,mod_jk child workerEnv in error state 5
2005-12-03 21:26:57,error,workerenv,5,mod_jk child workerEnv in error state 5
2005-12-03 21:26:57,error,workerenv,5,mod_jk child workerEnv in error state 5
2005-12-03 21:26:57,error,workerenv,5,mod_jk child workerEnv in error state 5
2005-12-03 21:26:57,error,workerenv,5,mod_jk child workerEnv in error state 5
2005-12-03 21:32:26,error,workerenv,5,mod_jk child workerEnv in error state 5
2005-12-03 21:32:26,error,workerenv,5,mod_jk child workerEnv in error state 5
2005-12-03 21:32:26,error,workerenv,5,mod_jk child workerEnv in error state 5
2005-12-03 21:32:26,error,workerenv,5,mod_jk child workerEnv in error state 5
2005-12-03 21:39:58,error,workerenv,6,mod_jk child workerEnv in error state 6
2005-12-03 21:40:09,error,workerenv,8,mod_jk child workerEnv in error state 8
2005-12-03 21:40:09,error,workerenv,7,mod_jk child workerEnv in error state 7
2005-12-03 21:40:09,error,workerenv,6,mod_jk child workerEnv in error state 6
2005-12-03 21:41:31,error,workerenv,5,mod_jk child workerEnv in error state 5
2005-12-03 21:43:24,error,workerenv,7,mod_jk child workerEnv in error state 7
2005-12-03 21:43:44,error,workerenv,7,mod_jk child workerEnv in error state 7
2005-12-03 21:43:44,error,workerenv,5,mod_jk child workerEnv in error state 5
2005-12-03 21:43:44,error,workerenv,6,mod_jk child workerEnv in error state 6
2005-12-03 21:43:44,error,workerenv,6,mod_jk child workerEnv in error state 6
2005-12-03 21:49:28,error,workerenv,8,mod_jk child workerEnv in error state 8
2005-12-03 21:49:29,error,workerenv,7,mod_jk child workerEnv in error state 7
2005-12-03 21:49:29,error,workerenv,5,mod_jk child workerEnv in error state 5
2005-12-03 21:49:29,error,workerenv,8,mod_jk child workerEnv in error state 8
2005-12-03 21:56:43,error,workerenv,8,mod_jk child workerEnv in error state 8
2005-12-03 21:56:43,error,workerenv,8,mod_jk child workerEnv in error state 8
2005-12-03 21:56:45,error,workerenv,5,mod_jk child workerEnv in error state 5
2005-12-04 02:25:48,error,workerenv,5,mod_jk child workerEnv in error state 5
2005-12-04 02:25:48,error,workerenv,5,mod_jk child workerEnv in error state 5
2005-12-04 02:31:05,error,workerenv,5,mod_jk child workerEnv in error state 5
2005-12-04 02:31:05,error,workerenv,5,mod_jk child workerEnv in error state 5
2005-12-04 02:31:05,error,workerenv,5,mod_jk child workerEnv in error state 5
2005-12-04 02:31:05,error,workerenv,5,mod_jk child workerEnv in error state 5
2005-12-04 02:31:52,error,workerenv,5,mod_jk child workerEnv in error state 5
2005-12-04 02:35:45,error,workerenv,5,mod_jk child workerEnv in error state 5
2005-12-04 02:42:53,error,workerenv,6,mod_jk child workerEnv in error state 6
2005-12-04 02:42:53,error,workerenv,7,mod_jk child workerEnv in error state 7
2005-12-04 02:42:53,error,workerenv,7,mod_jk child workerEnv in error state 7
2005-12-04 02:42:53,error,workerenv,6,mod_jk child workerEnv in error state 6
2005-12-04 02:46:39,error,workerenv,5,mod_jk child workerEnv in error state 5
2005-12-04 02:46:39,error,workerenv,5,mod_jk child workerEnv in error state 5
2005-12-04 02:46:39,error,workerenv,5,mod_jk child workerEnv in error state 5
2005-12-04 02:46:39,error,workerenv,5,mod_jk child workerEnv in error state 5
2005-12-04 02:51:04,error,workerenv,5,mod_jk child workerEnv in error state 5
2005-12-04 02:51:04,error,workerenv,5,mod_jk child workerEnv in error state 5
2005-12-04 02:51:05,error,workerenv,5,mod_jk child workerEnv in error state 5
2005-12-04 02:51:05,error,workerenv,5,mod_jk child workerEnv in error state 5
2005-12-04 02:56:15,error,workerenv,5,mod_jk child workerEnv in error state 5
2005-12-04 02:57:21,error,workerenv,5,mod_jk child workerEnv in error state 5
2005-12-04 02:57:21,error,workerenv,6,mod_jk child workerEnv in error state 6
2005-12-04 02:57:21,error,workerenv,5,mod_jk child workerEnv in error state 5
2005-12-04 02:57:21,error,workerenv,5,mod_jk child workerEnv in error state 5
2005-12-04 03:00:58,error,workerenv,5,mod_jk child workerEnv in error state 5
2005-12-04 03:00:58,error,workerenv,5,mod_jk child workerEnv in error state 5
2005-12-04 03:01:00,error,workerenv,5,mod_jk child workerEnv in error state 5
2005-12-04 03:01:00,error,workerenv,5,mod_jk child workerEnv in error state 5
2005-12-04 03:10:49,error,workerenv,5,mod_jk child workerEnv in error state 5
2005-12-04 03:17:19,error,workerenv,6,mod_jk child workerEnv in error state 6
2005-12-04 03:17:19,error,workerenv,5,mod_jk child workerEnv in error state 5
2005-12-04 03:17:19,error,workerenv,5,mod_jk child workerEnv in error state 5
2005-12-04 03:17:19,error,workerenv,5,mod_jk child workerEnv in error state 5
2005-12-04 03:17:19,error,workerenv,6,mod_jk child workerEnv in error state 6
2005-12-04 03:21:57,error,workerenv,5,mod_jk child workerEnv in error state 5
2005-12-04 03:21:57,error,workerenv,5,mod_jk child workerEnv in error state 5
2005-12-04 03:21:57,error,workerenv,5,mod_jk child workerEnv in error state 5
2005-12-04 03:22:31,error,workerenv,5,mod_jk child workerEnv in error state 5
2005-12-04 03:22:31,error,workerenv,6,mod_jk child workerEnv in error state 6
2005-12-04 03:26:47,error,workerenv,5,mod_jk child workerEnv in error state 5
2005-12-04 03:30:16,error,workerenv,6,mod_jk child workerEnv in error state 6
2005-12-04 03:30:16,error,workerenv,6,mod_jk child workerEnv in error state 6
2005-12-04 03:30:16,error,workerenv,7,mod_jk child workerEnv in error state 7
2005-12-04 03:30:16,error,workerenv,6,mod_jk child workerEnv in error state 6
2005-12-04 03:33:41,error,workerenv,6,mod_jk child workerEnv in error state 6
2005-12-04 03:33:42,error,workerenv,6,mod_jk child workerEnv in error state 6
2005-12-04 03:33:43,error,workerenv,5,mod_jk child workerEnv in error state 5
2005-12-04 03:33:43,error,workerenv,6,mod_jk child workerEnv in error state 6
2005-12-04 03:34:14,error,workerenv,6,mod_jk child workerEnv in error state 6
2005-12-04 03:34:14,error,workerenv,5,mod_jk child workerEnv in error state 5
2005-12-04 03:34:14,error,workerenv,5,mod_jk child workerEnv in error state 5
2005-12-04 03:37:01,error,workerenv,5,mod_jk child workerEnv in error state 5
2005-12-04 03:40:00,error,workerenv,7,mod_jk child workerEnv in error state 7
2005-12-04 03:40:59,error,workerenv,8,mod_jk child workerEnv in error state 8
2005-12-04 03:40:59,error,workerenv,5,mod_jk child workerEnv in error state 5
2005-12-04 03:41:35,error,workerenv,9,mod_jk child workerEnv in error state 9
2005-12-04 03:41:35,error,workerenv,5,mod_jk child workerEnv in error state 5
2005-12-04 03:41:38,error,workerenv,8,mod_jk child workerEnv in error state 8
2005-12-04 03:41:38,error,workerenv,5,mod_jk child workerEnv in error state 5
2005-12-04 03:49:15,error,workerenv,5,mod_jk child workerEnv in error state 5
2005-12-04 03:49:15,error,workerenv,5,mod_jk child workerEnv in error state 5
2005-12-04 03:49:15,error,workerenv,5,mod_jk child workerEnv in error state 5
2005-12-04 03:49:15,error,workerenv,5,mod_jk child workerEnv in error state 5
2005-12-04 03:49:15,error,workerenv,5,mod_jk child workerEnv in error state 5
2005-12-04 03:49:15,error,workerenv,5,mod_jk child workerEnv in error state 5
2005-12-04 03:49:15,error,workerenv,5,mod_jk child workerEnv in error state 5
2005-12-04 04:10:12,error,workerenv,5,mod_jk child workerEnv in error state 5
2005-12-04 04:10:12,error,workerenv,5,mod_jk child workerEnv in error state 5
2005-12-04 04:10:12,error,workerenv,5,mod_jk child workerEnv in error state 5
2005-12-04 04:10:12,error,workerenv,5,mod_jk child workerEnv in error state 5
2005-12-04 04:10:12,error,workerenv,5,mod_jk child workerEnv in error state 5
2005-12-04 04:10:12,error,workerenv,5,mod_jk child workerEnv in error state 5
2005-12-04 04:10:12,error,workerenv,5,mod_jk child workerEnv in error state 5
2005-12-04 04:10:12,error,workerenv,5,mod_jk child workerEnv in error state 5
2005-12-04 04:11:57,error,workerenv,6,mod_jk child workerEnv in error state 6
2005-12-04 04:16:06,error,workerenv,6,mod_jk child workerEnv in error state 6
2005-12-04 04:16:06,error,workerenv,6,mod_jk child workerEnv in error state 6
2005-12-04 04:16:06,error,workerenv,6,mod_jk child workerEnv in error state 6
2005-12-04 04:16:35,error,workerenv,6,mod_jk child workerEnv in error state 6
2005-12-04 04:16:35,error,workerenv,6,mod_jk child workerEnv in error state 6
2005-12-04 04:16:46,error,workerenv,6,mod_jk child workerEnv in error state 6
2005-12-04 04:16:46,error,workerenv,6,mod_jk child workerEnv in error state 6
2005-12-04 04:17:13,error,workerenv,6,mod_jk child workerEnv in error state 6
2005-12-04 04:17:13,error,workerenv,6,mod_jk child workerEnv in error state 6
2005-12-04 04:17:49,error,workerenv,6,mod_jk child workerEnv in error state 6
2005-12-04 04:17:49,error,workerenv,6,mod_jk child workerEnv in error state 6
2005-12-04 04:17:56,error,workerenv,6,mod_jk child workerEnv in error state 6
2005-12-04 04:18:09,error,workerenv,6,mod_jk child workerEnv in error state 6
2005-12-04 04:18:09,error,workerenv,6,mod_jk child workerEnv in error state 6
2005-12-04 04:18:26,error,workerenv,6,mod_jk child workerEnv in error state 6
2005-12-04 04:18:26,error,workerenv,6,mod_jk child workerEnv in error state 6
2005-12-04 04:18:39,error,workerenv,6,mod_jk child workerEnv in error state 6
2005-12-04 04:18:52,error,workerenv,6,mod_jk child workerEnv in error state 6
2005-12-04 04:19:01,error,workerenv,6,mod_jk child workerEnv in error state 6
2005-12-04 04:19:16,error,workerenv,6,mod_jk child workerEnv in error state 6
2005-12-04 04:19:16,error,workerenv,6,mod_jk child workerEnv in error state 6
2005-12-04 04:19:34,error,workerenv,6,mod_jk child workerEnv in error state 6
2005-12-04 04:19:37,error,workerenv,6,mod_jk child workerEnv in error state 6
2005-12-04 04:19:39,error,workerenv,6,mod_jk child workerEnv in error state 6
2005-12-04 04:19:39,error,workerenv,6,mod_jk child workerEnv in error state 6
2005-12-04 04:21:09,error,workerenv,6,mod_jk child workerEnv in error state 6
2005-12-04 04:21:11,error,workerenv,6,mod_jk child workerEnv in error state 6
2005-12-04 04:21:31,error,workerenv,6,mod_jk child workerEnv in error state 6
2005-12-04 04:21:31,error,workerenv,6,mod_jk child workerEnv in error state 6
2005-12-04 04:22:00,error,workerenv,6,mod_jk child workerEnv in error state 6
2005-12-04 04:22:22,error,workerenv,6,mod_jk child workerEnv in error state 6
2005-12-04 04:24:30,error,workerenv,8,mod_jk child workerEnv in error state 8
2005-12-04 04:24:30,error,workerenv,8,mod_jk child workerEnv in error state 8
2005-12-04 04:24:30,error,workerenv,7,mod_jk child workerEnv in error state 7
2005-12-04 04:24:30,error,workerenv,6,mod_jk child workerEnv in error state 6
2005-12-04 04:24:30,error,workerenv,7,mod_jk child workerEnv in error state 7
2005-12-04 04:26:12,error,workerenv,6,mod_jk child workerEnv in error state 6
2005-12-04 04:26:12,error,workerenv,6,mod_jk child workerEnv in error state 6
2005-12-04 04:26:41,error,workerenv,6,mod_jk child workerEnv in error state 6
2005-12-04 04:26:41,error,workerenv,6,mod_jk child workerEnv in error state 6
2005-12-04 04:27:25,error,workerenv,6,mod_jk child workerEnv in error state 6
2005-12-04 04:27:35,error,workerenv,6,mod_jk child workerEnv in error state 6
2005-12-04 04:27:35,error,workerenv,6,mod_jk child workerEnv in error state 6
2005-12-04 04:27:35,error,workerenv,6,mod_jk child workerEnv in error state 6
2005-12-04 04:28:10,error,workerenv,7,mod_jk child workerEnv in error state 7
2005-12-04 04:28:24,error,workerenv,6,mod_jk child workerEnv in error state 6
2005-12-04 04:28:24,error,workerenv,6,mod_jk child workerEnv in error state 6
2005-12-04 04:28:24,error,workerenv,6,mod_jk child workerEnv in error state 6
2005-12-04 04:28:47,error,workerenv,6,mod_jk child workerEnv in error state 6
2005-12-04 04:28:47,error,workerenv,6,mod_jk child workerEnv in error state 6
2005-12-04 04:28:47,error,workerenv,6,mod_jk child workerEnv in error state 6
2005-12-04 04:29:27,error,workerenv,6,mod_jk child workerEnv in error state 6
2005-12-04 04:29:27,error,workerenv,6,mod_jk child workerEnv in error state 6
2005-12-04 04:29:57,error,workerenv,6,mod_jk child workerEnv in error state 6
2005-12-04 04:30:51,error,workerenv,6,mod_jk child workerEnv in error state 6
2005-12-04 04:30:51,error,workerenv,7,mod_jk child workerEnv in error state 7
2005-12-04 04:31:04,error,workerenv,7,mod_jk child workerEnv in error state 7
2005-12-04 04:31:04,error,workerenv,8,mod_jk child workerEnv in error state 8
2005-12-04 04:31:04,error,workerenv,9,mod_jk child workerEnv in error state 9
2005-12-04 04:31:04,error,workerenv,7,mod_jk child workerEnv in error state 7
2005-12-04 04:32:27,error,workerenv,6,mod_jk child workerEnv in error state 6
2005-12-04 04:32:27,error,workerenv,6,mod_jk child workerEnv in error state 6
2005-12-04 04:32:44,error,workerenv,6,mod_jk child workerEnv in error state 6
2005-12-04 04:32:58,error,workerenv,6,mod_jk child workerEnv in error state 6
2005-12-04 04:32:58,error,workerenv,6,mod_jk child workerEnv in error state 6
2005-12-04 04:32:58,error,workerenv,6,mod_jk child workerEnv in error state 6
2005-12-04 04:32:58,error,workerenv,6,mod_jk child workerEnv in error state 6
2005-12-04 04:33:39,error,workerenv,6,mod_jk child workerEnv in error state 6
2005-12-04 04:33:39,error,workerenv,6,mod_jk child workerEnv in error state 6
2005-12-04 04:34:30,error,workerenv,6,mod_jk child workerEnv in error state 6
2005-12-04 04:34:30,error,workerenv,6,mod_jk child workerEnv in error state 6
2005-12-04 04:35:00,error,workerenv,6,mod_jk child workerEnv in error state 6
2005-12-04 04:35:00,error,workerenv,6,mod_jk child workerEnv in error state 6
2005-12-04 04:35:01,error,workerenv,7,mod_jk child workerEnv in error state 7
2005-12-04 04:36:04,error,workerenv,6,mod_jk child workerEnv in error state 6
2005-12-04 04:36:04,error,workerenv,6,mod_jk child workerEnv in error state 6
2005-12-04 04:36:04,error,workerenv,6,mod_jk child workerEnv in error state 6
2005-12-04 04:36:04,error,workerenv,6,mod_jk child workerEnv in error state 6
2005-12-04 04:36:04,error,workerenv,7,mod_jk child workerEnv in error state 7
2005-12-04 04:37:33,error,workerenv,6,mod_jk child workerEnv in error state 6
2005-12-04 04:37:33,error,workerenv,6,mod_jk child workerEnv in error state 6
2005-12-04 04:37:33,error,workerenv,6,mod_jk child workerEnv in error state 6
2005-12-04 04:38:25,error,workerenv,6,mod_jk child workerEnv in error state 6
2005-12-04 04:38:25,error,workerenv,6,mod_jk child workerEnv in error state 6
2005-12-04 04:39:03,error,workerenv,7,mod_jk child workerEnv in error state 7
2005-12-04 04:40:46,error,workerenv,9,mod_jk child workerEnv in error state 9
2005-12-04 04:40:46,error,workerenv,9,mod_jk child workerEnv in error state 9
2005-12-04 04:40:46,error,workerenv,6,mod_jk child workerEnv in error state 6
2005-12-04 04:40:46,error,workerenv,7,mod_jk child workerEnv in error state 7
2005-12-04 04:41:08,error,workerenv,6,mod_jk child workerEnv in error state 6
2005-12-04 04:41:08,error,workerenv,7,mod_jk child workerEnv in error state 7
2005-12-04 04:41:08,error,workerenv,8,mod_jk child workerEnv in error state 8
2005-12-04 04:42:19,error,workerenv,6,mod_jk child workerEnv in error state 6
2005-12-04 04:42:19,error,workerenv,6,mod_jk child workerEnv in error state 6
2005-12-04 04:42:21,error,workerenv,6,mod_jk child workerEnv in error state 6
2005-12-04 04:42:21,error,workerenv,6,mod_jk child workerEnv in error state 6
2005-12-04 04:42:57,error,workerenv,6,mod_jk child workerEnv in error state 6
2005-12-04 04:42:57,error,workerenv,6,mod_jk child workerEnv in error state 6
2005-12-04 04:42:57,error,workerenv,6,mod_jk child workerEnv in error state 6
2005-12-04 04:43:25,error,workerenv,6,mod_jk child workerEnv in error state 6
2005-12-04 04:43:25,error,workerenv,6,mod_jk child workerEnv in error state 6
2005-12-04 04:43:25,error,workerenv,6,mod_jk child workerEnv in error state 6
2005-12-04 04:44:09,error,workerenv,6,mod_jk child workerEnv in error state 6
2005-12-04 04:44:09,error,workerenv,6,mod_jk child workerEnv in error state 6
2005-12-04 04:44:40,error,workerenv,6,mod_jk child workerEnv in error state 6
2005-12-04 04:46:16,error,workerenv,6,mod_jk child workerEnv in error state 6
2005-12-04 04:46:16,error,workerenv,7,mod_jk child workerEnv in error state 7
2005-12-04 04:46:16,error,workerenv,7,mod_jk child workerEnv in error state 7
2005-12-04 04:46:16,error,workerenv,7,mod_jk child workerEnv in error state 7
2005-12-04 04:46:16,error,workerenv,6,mod_jk child workerEnv in error state 6
2005-12-04 04:46:16,error,workerenv,8,mod_jk child workerEnv in error state 8
2005-12-04 04:47:42,error,workerenv,6,mod_jk child workerEnv in error state 6
2005-12-04 04:47:42,error,workerenv,6,mod_jk child workerEnv in error state 6
2005-12-04 04:47:42,error,workerenv,6,mod_jk child workerEnv in error state 6
2005-12-04 04:47:44,error,workerenv,7,mod_jk child workerEnv in error state 7
2005-12-04 04:47:44,error,workerenv,6,mod_jk child workerEnv in error state 6
2005-12-04 04:51:18,error,workerenv,6,mod_jk child workerEnv in error state 6
2005-12-04 04:51:18,error,workerenv,6,mod_jk child workerEnv in error state 6
2005-12-04 04:51:18,error,workerenv,6,mod_jk child workerEnv in error state 6
2005-12-04 04:51:55,error,workerenv,6,mod_jk child workerEnv in error state 6
2005-12-04 04:52:15,error,workerenv,6,mod_jk child workerEnv in error state 6
2005-12-04 04:52:15,error,workerenv,7,mod_jk child workerEnv in error state 7
2005-12-04 04:52:15,error,workerenv,7,mod_jk child workerEnv in error state 7
2005-12-04 04:52:52,error,workerenv,7,mod_jk child workerEnv in error state 7
2005-12-04 04:52:52,error,workerenv,6,mod_jk child workerEnv in error state 6
2005-12-04 04:53:16,error,workerenv,7,mod_jk child workerEnv in error state 7
2005-12-04 04:53:16,error,workerenv,6,mod_jk child workerEnv in error state 6
2005-12-04 04:53:54,error,workerenv,7,mod_jk child workerEnv in error state 7
2005-12-04 04:54:18,error,workerenv,6,mod_jk child workerEnv in error state 6
2005-12-04 04:54:18,error,workerenv,6,mod_jk child workerEnv in error state 6
2005-12-04 04:54:18,error,workerenv,7,mod_jk child workerEnv in error state 7
2005-12-04 04:54:18,error,workerenv,7,mod_jk child workerEnv in error state 7
2005-12-04 04:54:20,error,workerenv,6,mod_jk child workerEnv in error state 6
2005-12-04 04:56:59,error,workerenv,6,mod_jk child workerEnv in error state 6
2005-12-04 04:57:00,error,workerenv,6,mod_jk child workerEnv in error state 6
2005-12-04 04:57:24,error,workerenv,6,mod_jk child workerEnv in error state 6
2005-12-04 04:57:24,error,workerenv,6,mod_jk child workerEnv in error state 6
2005-12-04 04:58:18,error,workerenv,6,mod_jk child workerEnv in error state 6
2005-12-04 04:58:58,error,workerenv,6,mod_jk child workerEnv in error state 6
2005-12-04 04:59:38,error,workerenv,6,mod_jk child workerEnv in error state 6
2005-12-04 04:59:38,error,workerenv,6,mod_jk child workerEnv in error state 6
2005-12-04 05:00:09,error,workerenv,6,mod_jk child workerEnv in error state 6
2005-12-04 05:00:15,error,workerenv,6,mod_jk child workerEnv in error state 6
2005-12-04 05:00:15,error,workerenv,6,mod_jk child workerEnv in error state 6
2005-12-04 05:04:04,error,workerenv,7,mod_jk child workerEnv in error state 7
2005-12-04 05:04:04,error,workerenv,6,mod_jk child workerEnv in error state 6
2005-12-04 05:04:04,error,workerenv,7,mod_jk child workerEnv in error state 7
2005-12-04 05:04:04,error,workerenv,7,mod_jk child workerEnv in error state 7
2005-12-04 05:04:04,error,workerenv,7,mod_jk child workerEnv in error state 7
2005-12-04 05:04:04,error,workerenv,6,mod_jk child workerEnv in error state 6
2005-12-04 05:04:04,error,workerenv,6,mod_jk child workerEnv in error state 6
2005-12-04 05:12:10,error,workerenv,6,mod_jk child workerEnv in error state 6
2005-12-04 05:12:28,error,workerenv,6,mod_jk child workerEnv in error state 6
2005-12-04 05:12:28,error,workerenv,6,mod_jk child workerEnv in error state 6
2005-12-04 05:12:30,error,workerenv,6,mod_jk child workerEnv in error state 6
2005-12-04 05:15:16,error,workerenv,6,mod_jk child workerEnv in error state 6
2005-12-04 06:01:30,error,workerenv,6,mod_jk child workerEnv in error state 6
2005-12-04 06:02:02,error,workerenv,7,mod_jk child workerEnv in error state 7
2005-12-04 06:02:07,error,workerenv,7,mod_jk child workerEnv in error state 7
2005-12-04 06:02:07,error,workerenv,6,mod_jk child workerEnv in error state 6
2005-12-04 06:02:07,error,workerenv,6,mod_jk child workerEnv in error state 6
2005-12-04 06:02:07,error,workerenv,6,mod_jk child workerEnv in error state 6
2005-12-04 06:06:12,error,workerenv,6,mod_jk child workerEnv in error state 6
2005-12-04 06:06:12,error,workerenv,6,mod_jk child workerEnv in error state 6
2005-12-04 06:06:26,error,workerenv,7,mod_jk child workerEnv in error state 7
2005-12-04 06:06:26,error,workerenv,6,mod_jk child workerEnv in error state 6
2005-12-04 06:06:26,error,workerenv,6,mod_jk child workerEnv in error state 6
2005-12-04 06:06:26,error,workerenv,7,mod_jk child workerEnv in error state 7
2005-12-04 06:12:40,error,workerenv,6,mod_jk child workerEnv in error state 6
2005-12-04 06:12:40,error,workerenv,6,mod_jk child workerEnv in error state 6
2005-12-04 06:12:40,error,workerenv,6,mod_jk child workerEnv in error state 6
2005-12-04 06:12:40,error,workerenv,7,mod_jk child workerEnv in error state 7
2005-12-04 06:12:40,error,workerenv,7,mod_jk child workerEnv in error state 7
2005-12-04 06:13:01,error,workerenv,6,mod_jk child workerEnv in error state 6
2005-12-04 06:16:23,error,workerenv,6,mod_jk child workerEnv in error state 6
2005-12-04 06:16:23,error,workerenv,7,mod_jk child workerEnv in error state 7
2005-12-04 06:16:23,error,workerenv,6,mod_jk child workerEnv in error state 6
2005-12-04 06:16:39,error,workerenv,6,mod_jk child workerEnv in error state 6
2005-12-04 06:17:05,error,workerenv,6,mod_jk child workerEnv in error state 6
2005-12-04 06:17:24,error,workerenv,6,mod_jk child workerEnv in error state 6
2005-12-04 06:17:35,error,workerenv,6,mod_jk child workerEnv in error state 6
2005-12-04 06:17:35,error,workerenv,7,mod_jk child workerEnv in error state 7
2005-12-04 06:18:11,error,workerenv,7,mod_jk child workerEnv in error state 7
2005-12-04 06:18:11,error,workerenv,6,mod_jk child workerEnv in error state 6
2005-12-04 06:18:31,error,workerenv,6,mod_jk child workerEnv in error state 6
2005-12-04 06:18:55,error,workerenv,6,mod_jk child workerEnv in error state 6
2005-12-04 06:18:55,error,workerenv,7,mod_jk child workerEnv in error state 7
2005-12-04 06:19:18,error,workerenv,6,mod_jk child workerEnv in error state 6
2005-12-04 06:19:34,error,workerenv,6,mod_jk child workerEnv in error state 6
2005-12-04 06:19:34,error,workerenv,7,mod_jk child workerEnv in error state 7
2005-12-04 06:20:46,error,workerenv,6,mod_jk child workerEnv in error state 6
2005-12-04 06:20:46,error,workerenv,7,mod_jk child workerEnv in error state 7
2005-12-04 06:20:46,error,workerenv,8,mod_jk child workerEnv in error state 8
2005-12-04 06:22:55,error,workerenv,6,mod_jk child workerEnv in error state 6
2005-12-04 06:22:55,error,workerenv,6,mod_jk child workerEnv in error state 6
2005-12-04 06:22:55,error,workerenv,6,mod_jk child workerEnv in error state 6
2005-12-04 06:22:55,error,workerenv,7,mod_jk child workerEnv in error state 7
2005-12-04 06:22:55,error,workerenv,8,mod_jk child workerEnv in error state 8
2005-12-04 06:23:15,error,workerenv,6,mod_jk child workerEnv in error state 6
2005-12-04 06:30:43,error,workerenv,6,mod_jk child workerEnv in error state 6
2005-12-04 06:36:10,error,workerenv,6,mod_jk child workerEnv in error state 6
2005-12-04 06:36:10,error,workerenv,6,mod_jk child workerEnv in error state 6
2005-12-04 06:41:07,error,workerenv,6,mod_jk child workerEnv in error state 6
2005-12-04 06:41:08,error,workerenv,6,mod_jk child workerEnv in error state 6
2005-12-04 06:41:08,error,workerenv,6,mod_jk child workerEnv in error state 6
2005-12-04 06:41:46,error,workerenv,6,mod_jk child workerEnv in error state 6
2005-12-04 06:41:46,error,workerenv,6,mod_jk child workerEnv in error state 6
2005-12-04 06:42:30,error,workerenv,6,mod_jk child workerEnv in error state 6
2005-12-04 06:42:30,error,workerenv,6,mod_jk child workerEnv in error state 6
2005-12-04 06:42:58,error,workerenv,6,mod_jk child workerEnv in error state 6
2005-12-04 06:42:58,error,workerenv,6,mod_jk child workerEnv in error state 6
2005-12-04 06:43:40,error,workerenv,6,mod_jk child workerEnv in error state 6
2005-12-04 06:43:40,error,workerenv,6,mod_jk child workerEnv in error state 6
2005-12-04 06:45:57,error,workerenv,7,mod_jk child workerEnv in error state 7
2005-12-04 06:46:31,error,workerenv,8,mod_jk child workerEnv in error state 8
2005-12-04 06:46:31,error,workerenv,7,mod_jk child workerEnv in error state 7
2005-12-04 06:46:33,error,workerenv,8,mod_jk child workerEnv in error state 8
2005-12-04 06:46:34,error,workerenv,10,mod_jk child workerEnv in error state 10
2005-12-04 06:46:34,error,workerenv,8,mod_jk child workerEnv in error state 8
2005-12-04 06:47:43,error,workerenv,6,mod_jk child workerEnv in error state 6
2005-12-04 06:49:24,error,workerenv,8,mod_jk child workerEnv in error state 8
2005-12-04 06:51:23,error,workerenv,7,mod_jk child workerEnv in error state 7
2005-12-04 06:51:23,error,workerenv,6,mod_jk child workerEnv in error state 6
2005-12-04 06:51:23,error,workerenv,8,mod_jk child workerEnv in error state 8
2005-12-04 06:51:23,error,workerenv,6,mod_jk child workerEnv in error state 6
2005-12-04 06:51:26,error,workerenv,9,mod_jk child workerEnv in error state 9
2005-12-04 06:52:15,error,workerenv,6,mod_jk child workerEnv in error state 6
2005-12-04 06:52:15,error,workerenv,6,mod_jk child workerEnv in error state 6
2005-12-04 06:52:41,error,workerenv,9,mod_jk child workerEnv in error state 9
2005-12-04 06:52:41,error,workerenv,6,mod_jk child workerEnv in error state 6
2005-12-04 06:53:26,error,workerenv,6,mod_jk child workerEnv in error state 6
2005-12-04 06:55:23,error,workerenv,6,mod_jk child workerEnv in error state 6
2005-12-04 06:55:23,error,workerenv,8,mod_jk child workerEnv in error state 8
2005-12-04 06:55:23,error,workerenv,9,mod_jk child workerEnv in error state 9
2005-12-04 06:56:17,error,workerenv,6,mod_jk child workerEnv in error state 6
2005-12-04 06:57:23,error,workerenv,6,mod_jk child workerEnv in error state 6
2005-12-04 06:57:23,error,workerenv,6,mod_jk child workerEnv in error state 6
2005-12-04 06:57:23,error,workerenv,9,mod_jk child workerEnv in error state 9
2005-12-04 06:57:23,error,workerenv,8,mod_jk child workerEnv in error state 8
2005-12-04 06:57:24,error,workerenv,9,mod_jk child workerEnv in error state 9
2005-12-04 06:58:29,error,workerenv,6,mod_jk child workerEnv in error state 6
2005-12-04 06:58:29,error,workerenv,6,mod_jk child workerEnv in error state 6
2005-12-04 06:58:53,error,workerenv,6,mod_jk child workerEnv in error state 6
2005-12-04 06:59:40,error,workerenv,6,mod_jk child workerEnv in error state 6
2005-12-04 06:59:47,error,workerenv,8,mod_jk child workerEnv in error state 8
2005-12-04 06:59:47,error,workerenv,7,mod_jk child workerEnv in error state 7
2005-12-04 07:02:03,error,workerenv,9,mod_jk child workerEnv in error state 9
2005-12-04 07:02:03,error,workerenv,8,mod_jk child workerEnv in error state 8
2005-12-04 07:02:03,error,workerenv,8,mod_jk child workerEnv in error state 8
2005-12-04 07:02:03,error,workerenv,6,mod_jk child workerEnv in error state 6
2005-12-04 07:02:03,error,workerenv,6,mod_jk child workerEnv in error state 6
2005-12-04 07:07:30,error,workerenv,9,mod_jk child workerEnv in error state 9
2005-12-04 07:07:30,error,workerenv,10,mod_jk child workerEnv in error state 10
2005-12-04 07:07:30,error,workerenv,8,mod_jk child workerEnv in error state 8
2005-12-04 07:08:04,error,workerenv,7,mod_jk child workerEnv in error state 7
2005-12-04 07:08:04,error,workerenv,6,mod_jk child workerEnv in error state 6
2005-12-04 07:08:04,error,workerenv,7,mod_jk child workerEnv in error state 7
2005-12-04 07:11:05,error,workerenv,6,mod_jk child workerEnv in error state 6
2005-12-04 07:11:22,error,workerenv,6,mod_jk child workerEnv in error state 6
2005-12-04 07:11:22,error,workerenv,6,mod_jk child workerEnv in error state 6
2005-12-04 07:12:08,error,workerenv,6,mod_jk child workerEnv in error state 6
2005-12-04 07:12:44,error,workerenv,6,mod_jk child workerEnv in error state 6
2005-12-04 07:12:44,error,workerenv,6,mod_jk child workerEnv in error state 6
2005-12-04 07:13:41,error,workerenv,6,mod_jk child workerEnv in error state 6
2005-12-04 07:13:41,error,workerenv,6,mod_jk child workerEnv in error state 6
2005-12-04 07:14:29,error,workerenv,7,mod_jk child workerEnv in error state 7
2005-12-04 07:18:00,error,workerenv,7,mod_jk child workerEnv in error state 7
2005-12-04 07:18:00,error,workerenv,6,mod_jk child workerEnv in error state 6
2005-12-04 07:18:00,error,workerenv,7,mod_jk child workerEnv in error state 7
2005-12-04 07:18:00,error,workerenv,8,mod_jk child workerEnv in error state 8
2005-12-04 07:18:00,error,workerenv,7,mod_jk child workerEnv in error state 7
2005-12-04 07:18:00,error,workerenv,6,mod_jk child workerEnv in error state 6
2005-12-04 07:18:00,error,workerenv,7,mod_jk child workerEnv in error state 7
2005-12-04 16:24:06,error,workerenv,6,mod_jk child workerEnv in error state 6
2005-12-04 16:32:56,error,workerenv,6,mod_jk child workerEnv in error state 6
2005-12-04 16:32:58,error,workerenv,7,mod_jk child workerEnv in error state 7
2005-12-04 16:32:58,error,workerenv,6,mod_jk child workerEnv in error state 6
2005-12-04 16:32:58,error,workerenv,6,mod_jk child workerEnv in error state 6
2005-12-04 16:35:52,error,workerenv,6,mod_jk child workerEnv in error state 6
2005-12-04 16:41:22,error,workerenv,6,mod_jk child workerEnv in error state 6
2005-12-04 16:41:22,error,workerenv,6,mod_jk child workerEnv in error state 6
2005-12-04 16:41:22,error,workerenv,6,mod_jk child workerEnv in error state 6
2005-12-04 16:41:22,error,workerenv,6,mod_jk child workerEnv in error state 6
2005-12-04 16:46:13,error,workerenv,6,mod_jk child workerEnv in error state 6
2005-12-04 16:48:01,error,workerenv,8,mod_jk child workerEnv in error state 8
2005-12-04 16:48:01,error,workerenv,7,mod_jk child workerEnv in error state 7
2005-12-04 16:48:01,error,workerenv,6,mod_jk child workerEnv in error state 6
2005-12-04 16:48:01,error,workerenv,6,mod_jk child workerEnv in error state 6
2005-12-04 16:48:01,error,workerenv,6,mod_jk child workerEnv in error state 6
2005-12-04 16:52:49,error,workerenv,6,mod_jk child workerEnv in error state 6
2005-12-04 16:52:49,error,workerenv,7,mod_jk child workerEnv in error state 7
2005-12-04 16:52:49,error,workerenv,7,mod_jk child workerEnv in error state 7
2005-12-04 16:52:49,error,workerenv,8,mod_jk child workerEnv in error state 8
2005-12-04 16:52:49,error,workerenv,6,mod_jk child workerEnv in error state 6
2005-12-04 16:56:27,error,workerenv,6,mod_jk child workerEnv in error state 6
2005-12-04 16:56:27,error,workerenv,7,mod_jk child workerEnv in error state 7
2005-12-04 16:56:27,error,workerenv,6,mod_jk child workerEnv in error state 6
2005-12-04 16:56:27,error,workerenv,6,mod_jk child workerEnv in error state 6
2005-12-04 16:56:27,error,workerenv,6,mod_jk child workerEnv in error state 6
2005-12-04 17:01:47,error,workerenv,6,mod_jk child workerEnv in error state 6
2005-12-04 17:01:47,error,workerenv,6,mod_jk child workerEnv in error state 6
2005-12-04 17:01:47,error,workerenv,6,mod_jk child workerEnv in error state 6
2005-12-04 17:01:47,error,workerenv,6,mod_jk child workerEnv in error state 6
2005-12-04 17:01:47,error,workerenv,6,mod_jk child workerEnv in error state 6
2005-12-04 17:05:48,error,workerenv,6,mod_jk child workerEnv in error state 6
2005-12-04 17:05:48,error,workerenv,6,mod_jk child workerEnv in error state 6
2005-12-04 17:05:48,error,workerenv,6,mod_jk child workerEnv in error state 6
2005-12-04 17:12:55,error,workerenv,6,mod_jk child workerEnv in error state 6
2005-12-04 17:12:55,error,workerenv,7,mod_jk child workerEnv in error state 7
2005-12-04 17:12:55,error,workerenv,7,mod_jk child workerEnv in error state 7
2005-12-04 17:12:55,error,workerenv,7,mod_jk child workerEnv in error state 7
2005-12-04 17:12:57,error,workerenv,7,mod_jk child workerEnv in error state 7
2005-12-04 17:20:46,error,workerenv,7,mod_jk child workerEnv in error state 7
2005-12-04 17:20:46,error,workerenv,6,mod_jk child workerEnv in error state 6
2005-12-04 17:20:46,error,workerenv,6,mod_jk child workerEnv in error state 6
2005-12-04 17:20:46,error,workerenv,7,mod_jk child workerEnv in error state 7
2005-12-04 17:20:46,error,workerenv,6,mod_jk child workerEnv in error state 6
2005-12-04 17:21:04,error,workerenv,8,mod_jk child workerEnv in error state 8
2005-12-04 17:31:12,error,workerenv,6,mod_jk child workerEnv in error state 6
2005-12-04 17:31:12,error,workerenv,6,mod_jk child workerEnv in error state 6
2005-12-04 17:31:12,error,workerenv,8,mod_jk child workerEnv in error state 8
2005-12-04 17:31:12,error,workerenv,9,mod_jk child workerEnv in error state 9
2005-12-04 17:31:45,error,workerenv,6,mod_jk child workerEnv in error state 6
2005-12-04 17:31:45,error,workerenv,6,mod_jk child workerEnv in error state 6
2005-12-04 17:34:57,error,workerenv,6,mod_jk child workerEnv in error state 6
2005-12-04 17:43:12,error,workerenv,9,mod_jk child workerEnv in error state 9
2005-12-04 17:43:12,error,workerenv,8,mod_jk child workerEnv in error state 8
2005-12-04 17:43:12,error,workerenv,7,mod_jk child workerEnv in error state 7
2005-12-04 17:43:12,error,workerenv,9,mod_jk child workerEnv in error state 9
2005-12-04 17:43:12,error,workerenv,6,mod_jk child workerEnv in error state 6
2005-12-04 19:25:53,error,workerenv,6,mod_jk child workerEnv in error state 6
2005-12-04 19:32:33,error,workerenv,6,mod_jk child workerEnv in error state 6
2005-12-04 19:32:34,error,workerenv,6,mod_jk child workerEnv in error state 6
2005-12-04 19:32:34,error,workerenv,7,mod_jk child workerEnv in error state 7
2005-12-04 19:32:34,error,workerenv,6,mod_jk child workerEnv in error state 6
2005-12-04 19:36:07,error,workerenv,6,mod_jk child workerEnv in error state 6
2005-12-04 19:36:07,error,workerenv,6,mod_jk child workerEnv in error state 6
2005-12-04 19:36:07,error,workerenv,6,mod_jk child workerEnv in error state 6
2005-12-04 19:36:07,error,workerenv,6,mod_jk child workerEnv in error state 6
2005-12-04 19:36:07,error,workerenv,6,mod_jk child workerEnv in error state 6
2005-12-04 19:41:21,error,workerenv,6,mod_jk child workerEnv in error state 6
2005-12-04 19:41:21,error,workerenv,6,mod_jk child workerEnv in error state 6
2005-12-04 19:41:21,error,workerenv,6,mod_jk child workerEnv in error state 6
2005-12-04 19:41:21,error,workerenv,6,mod_jk child workerEnv in error state 6
2005-12-04 19:46:13,error,workerenv,6,mod_jk child workerEnv in error state 6
2005-12-04 19:46:13,error,workerenv,6,mod_jk child workerEnv in error state 6
2005-12-04 19:46:20,error,workerenv,6,mod_jk child workerEnv in error state 6
2005-12-04 19:46:20,error,workerenv,6,mod_jk child workerEnv in error state 6
2005-12-04 19:50:55,error,workerenv,6,mod_jk child workerEnv in error state 6
2005-12-04 19:50:55,error,workerenv,6,mod_jk child workerEnv in error state 6
2005-12-04 19:51:18,error,workerenv,6,mod_jk child workerEnv in error state 6
2005-12-04 19:51:54,error,workerenv,6,mod_jk child workerEnv in error state 6
2005-12-04 19:51:54,error,workerenv,6,mod_jk child workerEnv in error state 6
2005-12-04 19:51:54,error,workerenv,6,mod_jk child workerEnv in error state 6
2005-12-04 19:56:53,error,workerenv,6,mod_jk child workerEnv in error state 6
2005-12-04 19:56:53,error,workerenv,6,mod_jk child workerEnv in error state 6
2005-12-04 19:56:53,error,workerenv,6,mod_jk child workerEnv in error state 6
2005-12-04 19:56:53,error,workerenv,6,mod_jk child workerEnv in error state 6
2005-12-04 20:01:37,error,workerenv,6,mod_jk child workerEnv in error state 6
2005-12-04 20:01:37,error,workerenv,6,mod_jk child workerEnv in error state 6
2005-12-04 20:01:37,error,workerenv,6,mod_jk child workerEnv in error state 6
2005-12-04 20:01:37,error,workerenv,7,mod_jk child workerEnv in error state 7
2005-12-04 20:05:59,error,workerenv,6,mod_jk child workerEnv in error state 6
2005-12-04 20:05:59,error,workerenv,6,mod_jk child workerEnv in error state 6
2005-12-04 20:05:59,error,workerenv,6,mod_jk child workerEnv in error state 6
2005-12-04 20:05:59,error,workerenv,6,mod_jk child workerEnv in error state 6
2005-12-04 20:11:14,error,workerenv,6,mod_jk child workerEnv in error state 6
2005-12-04 20:11:14,error,workerenv,6,mod_jk child workerEnv in error state 6
2005-12-04 20:11:14,error,workerenv,6,mod_jk child workerEnv in error state 6
2005-12-04 20:11:14,error,workerenv,6,mod_jk child workerEnv in error state 6
2005-12-04 20:16:15,error,workerenv,6,mod_jk child workerEnv in error state 6
2005-12-04 20:16:15,error,workerenv,6,mod_jk child workerEnv in error state 6
2005-12-04 20:16:15,error,workerenv,6,mod_jk child workerEnv in error state 6
2005-12-04 20:16:15,error,workerenv,6,mod_jk child workerEnv in error state 6
2005-12-04 20:21:36,error,workerenv,6,mod_jk child workerEnv in error state 6
2005-12-04 20:22:52,error,workerenv,7,mod_jk child workerEnv in error state 7
2005-12-04 20:24:49,error,workerenv,8,mod_jk child workerEnv in error state 8
2005-12-04 20:24:49,error,workerenv,8,mod_jk child workerEnv in error state 8
2005-12-04 20:24:49,error,workerenv,6,mod_jk child workerEnv in error state 6
2005-12-04 20:24:49,error,workerenv,7,mod_jk child workerEnv in error state 7
2005-12-04 20:26:54,error,workerenv,6,mod_jk child workerEnv in error state 6
2005-12-04 20:32:55,error,workerenv,10,mod_jk child workerEnv in error state 10
2005-12-04 20:32:55,error,workerenv,6,mod_jk child workerEnv in error state 6
2005-12-04 20:32:55,error,workerenv,10,mod_jk child workerEnv in error state 10
2005-12-04 20:34:14,error,workerenv,6,mod_jk child workerEnv in error state 6
2005-12-04 20:34:25,error,workerenv,7,mod_jk child workerEnv in error state 7
2005-12-04 20:34:25,error,workerenv,9,mod_jk child workerEnv in error state 9
2005-12-04 20:34:25,error,workerenv,7,mod_jk child workerEnv in error state 7
2005-12-04 20:37:49,error,workerenv,6,mod_jk child workerEnv in error state 6
2005-12-04 20:37:49,error,workerenv,6,mod_jk child workerEnv in error state 6
2005-12-04 20:38:14,error,workerenv,6,mod_jk child workerEnv in error state 6
2005-12-04 20:38:14,error,workerenv,6,mod_jk child workerEnv in error state 6
2005-12-04 20:38:14,error,workerenv,7,mod_jk child workerEnv in error state 7
2005-12-04 20:47:16,error,workerenv,6,mod_jk child workerEnv in error state 6
2005-12-04 20:47:16,error,workerenv,9,mod_jk child workerEnv in error state 9
2005-12-04 20:47:17,error,workerenv,7,mod_jk child workerEnv in error state 7
2005-12-05 03:21:02,error,workerenv,6,mod_jk child workerEnv in error state 6
2005-12-05 03:23:24,error,workerenv,6,mod_jk child workerEnv in error state 6
2005-12-05 03:25:46,error,workerenv,6,mod_jk child workerEnv in error state 6
2005-12-05 03:36:57,error,workerenv,6,mod_jk child workerEnv in error state 6
2005-12-05 03:36:57,error,workerenv,6,mod_jk child workerEnv in error state 6
2005-12-05 03:36:57,error,workerenv,6,mod_jk child workerEnv in error state 6
2005-12-05 03:36:57,error,workerenv,6,mod_jk child workerEnv in error state 6
2005-12-05 03:40:55,error,workerenv,6,mod_jk child workerEnv in error state 6
2005-12-05 03:44:50,error,workerenv,6,mod_jk child workerEnv in error state 6
2005-12-05 03:47:54,error,workerenv,8,mod_jk child workerEnv in error state 8
2005-12-05 03:47:54,error,workerenv,8,mod_jk child workerEnv in error state 8
2005-12-05 03:47:54,error,workerenv,7,mod_jk child workerEnv in error state 7
2005-12-05 03:47:54,error,workerenv,6,mod_jk child workerEnv in error state 6
2005-12-05 03:50:59,error,workerenv,6,mod_jk child workerEnv in error state 6
2005-12-05 03:50:59,error,workerenv,6,mod_jk child workerEnv in error state 6
2005-12-05 03:50:59,error,workerenv,6,mod_jk child workerEnv in error state 6
2005-12-05 03:50:59,error,workerenv,6,mod_jk child workerEnv in error state 6
2005-12-05 03:56:15,error,workerenv,6,mod_jk child workerEnv in error state 6
2005-12-05 03:56:15,error,workerenv,6,mod_jk child workerEnv in error state 6
2005-12-05 03:56:15,error,workerenv,6,mod_jk child workerEnv in error state 6
2005-12-05 03:56:15,error,workerenv,6,mod_jk child workerEnv in error state 6
2005-12-05 04:01:23,error,workerenv,6,mod_jk child workerEnv in error state 6
2005-12-05 04:01:23,error,workerenv,6,mod_jk child workerEnv in error state 6
2005-12-05 04:01:23,error,workerenv,6,mod_jk child workerEnv in error state 6
2005-12-05 04:01:23,error,workerenv,6,mod_jk child workerEnv in error state 6
2005-12-05 04:06:45,error,workerenv,6,mod_jk child workerEnv in error state 6
2005-12-05 04:06:45,error,workerenv,6,mod_jk child workerEnv in error state 6
2005-12-05 04:14:00,error,workerenv,9,mod_jk child workerEnv in error state 9
2005-12-05 04:14:00,error,workerenv,8,mod_jk child workerEnv in error state 8
2005-12-05 04:14:00,error,workerenv,6,mod_jk child workerEnv in error state 6
2005-12-05 04:14:00,error,workerenv,9,mod_jk child workerEnv in error state 9
2005-12-05 04:14:00,error,workerenv,6,mod_jk child workerEnv in error state 6
2005-12-05 04:14:00,error,workerenv,10,mod_jk child workerEnv in error state 10
2005-12-05 04:14:00,error,workerenv,9,mod_jk child workerEnv in error state 9
2005-12-05 05:06:47,error,workerenv,6,mod_jk child workerEnv in error state 6
2005-12-05 05:06:47,error,workerenv,6,mod_jk child workerEnv in error state 6
2005-12-05 05:06:47,error,workerenv,6,mod_jk child workerEnv in error state 6
2005-12-05 05:15:33,error,workerenv,9,mod_jk child workerEnv in error state 9
2005-12-05 05:15:33,error,workerenv,9,mod_jk child workerEnv in error state 9
2005-12-05 05:15:33,error,workerenv,7,mod_jk child workerEnv in error state 7
2005-12-05 05:15:33,error,workerenv,8,mod_jk child workerEnv in error state 8
2005-12-05 06:35:27,error,workerenv,6,mod_jk child workerEnv in error state 6
2005-12-05 06:36:58,error,workerenv,6,mod_jk child workerEnv in error state 6
2005-12-05 07:16:03,error,workerenv,6,mod_jk child workerEnv in error state 6
2005-12-05 07:16:03,error,workerenv,6,mod_jk child workerEnv in error state 6
2005-12-05 07:21:09,error,workerenv,6,mod_jk child workerEnv in error state 6
2005-12-05 07:21:09,error,workerenv,6,mod_jk child workerEnv in error state 6
2005-12-05 07:21:09,error,workerenv,6,mod_jk child workerEnv in error state 6
2005-12-05 07:26:00,error,workerenv,6,mod_jk child workerEnv in error state 6
2005-12-05 07:26:00,error,workerenv,6,mod_jk child workerEnv in error state 6
2005-12-05 07:26:00,error,workerenv,6,mod_jk child workerEnv in error state 6
2005-12-05 07:32:06,error,workerenv,6,mod_jk child workerEnv in error state 6
2005-12-05 07:32:06,error,workerenv,6,mod_jk child workerEnv in error state 6
2005-12-05 07:32:06,error,workerenv,6,mod_jk child workerEnv in error state 6
2005-12-05 07:32:06,error,workerenv,6,mod_jk child workerEnv in error state 6
2005-12-05 07:37:58,error,workerenv,6,mod_jk child workerEnv in error state 6
2005-12-05 07:37:58,error,workerenv,6,mod_jk child workerEnv in error state 6
2005-12-05 07:37:58,error,workerenv,6,mod_jk child workerEnv in error state 6
2005-12-05 07:37:58,error,workerenv,6,mod_jk child workerEnv in error state 6
2005-12-05 07:43:16,error,workerenv,7,mod_jk child workerEnv in error state 7
2005-12-05 07:43:16,error,workerenv,7,mod_jk child workerEnv in error state 7
2005-12-05 07:43:16,error,workerenv,6,mod_jk child workerEnv in error state 6
2005-12-05 07:43:19,error,workerenv,7,mod_jk child workerEnv in error state 7
2005-12-05 07:47:22,error,workerenv,8,mod_jk child workerEnv in error state 8
2005-12-05 07:47:23,error,workerenv,6,mod_jk child workerEnv in error state 6
2005-12-05 07:47:40,error,workerenv,7,mod_jk child workerEnv in error state 7
2005-12-05 07:47:40,error,workerenv,8,mod_jk child workerEnv in error state 8
2005-12-05 07:48:55,error,workerenv,6,mod_jk child workerEnv in error state 6
2005-12-05 07:48:55,error,workerenv,7,mod_jk child workerEnv in error state 7
2005-12-05 07:48:56,error,workerenv,6,mod_jk child workerEnv in error state 6
2005-12-05 07:48:56,error,workerenv,7,mod_jk child workerEnv in error state 7
2005-12-05 07:51:23,error,workerenv,6,mod_jk child workerEnv in error state 6
2005-12-05 07:52:02,error,workerenv,6,mod_jk child workerEnv in error state 6
2005-12-05 07:52:02,error,workerenv,7,mod_jk child workerEnv in error state 7
2005-12-05 07:53:01,error,workerenv,7,mod_jk child workerEnv in error state 7
2005-12-05 07:55:08,error,workerenv,8,mod_jk child workerEnv in error state 8
2005-12-05 07:55:08,error,workerenv,7,mod_jk child workerEnv in error state 7
2005-12-05 07:55:08,error,workerenv,7,mod_jk child workerEnv in error state 7
2005-12-05 07:57:02,error,workerenv,6,mod_jk child workerEnv in error state 6
2005-12-05 07:57:02,error,workerenv,6,mod_jk child workerEnv in error state 6
2005-12-05 07:57:02,error,workerenv,6,mod_jk child workerEnv in error state 6
2005-12-05 07:57:02,error,workerenv,8,mod_jk child workerEnv in error state 8
2005-12-05 07:57:02,error,workerenv,6,mod_jk child workerEnv in error state 6
2005-12-05 09:36:14,error,workerenv,6,mod_jk child workerEnv in error state 6
2005-12-05 09:36:14,error,workerenv,6,mod_jk child workerEnv in error state 6
2005-12-05 09:55:21,error,workerenv,6,mod_jk child workerEnv in error state 6
2005-12-05 10:10:33,error,workerenv,6,mod_jk child workerEnv in error state 6
2005-12-05 10:17:51,error,workerenv,6,mod_jk child workerEnv in error state 6
2005-12-05 10:17:51,error,workerenv,6,mod_jk child workerEnv in error state 6
2005-12-05 10:17:51,error,workerenv,7,mod_jk child workerEnv in error state 7
2005-12-05 10:17:51,error,workerenv,7,mod_jk child workerEnv in error state 7
2005-12-05 10:21:13,error,workerenv,6,mod_jk child workerEnv in error state 6
2005-12-05 10:21:13,error,workerenv,6,mod_jk child workerEnv in error state 6
2005-12-05 10:21:13,error,workerenv,6,mod_jk child workerEnv in error state 6
2005-12-05 10:21:13,error,workerenv,6,mod_jk child workerEnv in error state 6
2005-12-05 10:26:31,error,workerenv,6,mod_jk child workerEnv in error state 6
2005-12-05 10:26:31,error,workerenv,6,mod_jk child workerEnv in error state 6
2005-12-05 10:26:31,error,workerenv,6,mod_jk child workerEnv in error state 6
2005-12-05 10:26:31,error,workerenv,6,mod_jk child workerEnv in error state 6
2005-12-05 10:26:36,error,workerenv,6,mod_jk child workerEnv in error state 6
2005-12-05 10:33:44,error,workerenv,6,mod_jk child workerEnv in error state 6
2005-12-05 10:33:44,error,workerenv,6,mod_jk child workerEnv in error state 6
2005-12-05 10:33:44,error,workerenv,7,mod_jk child workerEnv in error state 7
2005-12-05 10:33:44,error,workerenv,7,mod_jk child workerEnv in error state 7
2005-12-05 10:38:04,error,workerenv,8,mod_jk child workerEnv in error state 8
2005-12-05 10:38:04,error,workerenv,7,mod_jk child workerEnv in error state 7
2005-12-05 10:38:04,error,workerenv,6,mod_jk child workerEnv in error state 6
2005-12-05 10:38:04,error,workerenv,7,mod_jk child workerEnv in error state 7
2005-12-05 10:43:39,error,workerenv,8,mod_jk child workerEnv in error state 8
2005-12-05 10:43:41,error,workerenv,7,mod_jk child workerEnv in error state 7
2005-12-05 10:43:51,error,workerenv,7,mod_jk child workerEnv in error state 7
2005-12-05 10:43:51,error,workerenv,8,mod_jk child workerEnv in error state 8
2005-12-05 10:47:17,error,workerenv,6,mod_jk child workerEnv in error state 6
2005-12-05 10:47:17,error,workerenv,6,mod_jk child workerEnv in error state 6
2005-12-05 10:47:45,error,workerenv,7,mod_jk child workerEnv in error state 7
2005-12-05 10:47:45,error,workerenv,7,mod_jk child workerEnv in error state 7
2005-12-05 10:47:47,error,workerenv,6,mod_jk child workerEnv in error state 6
2005-12-05 10:48:46,error,workerenv,6,mod_jk child workerEnv in error state 6
2005-12-05 10:51:35,error,workerenv,6,mod_jk child workerEnv in error state 6
2005-12-05 10:51:35,error,workerenv,6,mod_jk child workerEnv in error state 6
2005-12-05 10:52:21,error,workerenv,6,mod_jk child workerEnv in error state 6
2005-12-05 10:59:29,error,workerenv,6,mod_jk child workerEnv in error state 6
2005-12-05 10:59:29,error,workerenv,7,mod_jk child workerEnv in error state 7
2005-12-05 10:59:29,error,workerenv,8,mod_jk child workerEnv in error state 8
2005-12-05 10:59:29,error,workerenv,6,mod_jk child workerEnv in error state 6
2005-12-05 10:59:29,error,workerenv,6,mod_jk child workerEnv in error state 6
2005-12-05 10:59:29,error,workerenv,6,mod_jk child workerEnv in error state 6
2005-12-05 10:59:29,error,workerenv,7,mod_jk child workerEnv in error state 7
2005-12-05 11:06:51,error,workerenv,6,mod_jk child workerEnv in error state 6
2005-12-05 11:06:51,error,workerenv,7,mod_jk child workerEnv in error state 7
2005-12-05 11:06:51,error,workerenv,6,mod_jk child workerEnv in error state 6
2005-12-05 12:36:39,error,workerenv,7,mod_jk child workerEnv in error state 7
2005-12-05 12:36:39,error,workerenv,6,mod_jk child workerEnv in error state 6
2005-12-05 12:36:39,error,workerenv,7,mod_jk child workerEnv in error state 7
2005-12-05 12:36:39,error,workerenv,6,mod_jk child workerEnv in error state 6
2005-12-05 12:40:38,error,workerenv,6,mod_jk child workerEnv in error state 6
2005-12-05 12:50:43,error,workerenv,6,mod_jk child workerEnv in error state 6
2005-12-05 12:50:43,error,workerenv,6,mod_jk child workerEnv in error state 6
2005-12-05 12:55:49,error,workerenv,6,mod_jk child workerEnv in error state 6
2005-12-05 12:55:49,error,workerenv,6,mod_jk child workerEnv in error state 6
2005-12-05 13:00:34,error,workerenv,6,mod_jk child workerEnv in error state 6
2005-12-05 13:00:34,error,workerenv,6,mod_jk child workerEnv in error state 6
2005-12-05 13:05:24,error,workerenv,6,mod_jk child workerEnv in error state 6
2005-12-05 13:10:59,error,workerenv,6,mod_jk child workerEnv in error state 6
2005-12-05 13:16:29,error,workerenv,6,mod_jk child workerEnv in error state 6
2005-12-05 13:16:29,error,workerenv,6,mod_jk child workerEnv in error state 6
2005-12-05 13:16:29,error,workerenv,6,mod_jk child workerEnv in error state 6
2005-12-05 13:16:29,error,workerenv,6,mod_jk child workerEnv in error state 6
2005-12-05 13:22:48,error,workerenv,7,mod_jk child workerEnv in error state 7
2005-12-05 13:22:48,error,workerenv,7,mod_jk child workerEnv in error state 7
2005-12-05 13:22:48,error,workerenv,6,mod_jk child workerEnv in error state 6
2005-12-05 13:22:48,error,workerenv,6,mod_jk child workerEnv in error state 6
2005-12-05 13:28:17,error,workerenv,7,mod_jk child workerEnv in error state 7
2005-12-05 13:28:17,error,workerenv,8,mod_jk child workerEnv in error state 8
2005-12-05 13:28:17,error,workerenv,8,mod_jk child workerEnv in error state 8
2005-12-05 13:28:17,error,workerenv,8,mod_jk child workerEnv in error state 8
2005-12-05 13:32:04,error,workerenv,6,mod_jk child workerEnv in error state 6
2005-12-05 13:32:04,error,workerenv,6,mod_jk child workerEnv in error state 6
2005-12-05 13:32:10,error,workerenv,7,mod_jk child workerEnv in error state 7
2005-12-05 13:32:10,error,workerenv,7,mod_jk child workerEnv in error state 7
2005-12-05 13:32:30,error,workerenv,6,mod_jk child workerEnv in error state 6
2005-12-05 13:32:30,error,workerenv,6,mod_jk child workerEnv in error state 6
2005-12-05 13:39:14,error,workerenv,6,mod_jk child workerEnv in error state 6
2005-12-05 13:39:13,error,workerenv,8,mod_jk child workerEnv in error state 8
2005-12-05 13:39:41,error,workerenv,8,mod_jk child workerEnv in error state 8
2005-12-05 13:39:41,error,workerenv,9,mod_jk child workerEnv in error state 9
2005-12-05 13:39:41,error,workerenv,8,mod_jk child workerEnv in error state 8
2005-12-05 13:43:46,error,workerenv,6,mod_jk child workerEnv in error state 6
2005-12-05 13:43:46,error,workerenv,8,mod_jk child workerEnv in error state 8
2005-12-05 13:43:46,error,workerenv,7,mod_jk child workerEnv in error state 7
2005-12-05 13:44:38,error,workerenv,6,mod_jk child workerEnv in error state 6
2005-12-05 13:44:38,error,workerenv,6,mod_jk child workerEnv in error state 6
2005-12-05 13:45:08,error,workerenv,6,mod_jk child workerEnv in error state 6
2005-12-05 13:45:08,error,workerenv,8,mod_jk child workerEnv in error state 8
2005-12-05 13:45:08,error,workerenv,6,mod_jk child workerEnv in error state 6
2005-12-05 13:47:11,error,workerenv,7,mod_jk child workerEnv in error state 7
2005-12-05 13:47:11,error,workerenv,6,mod_jk child workerEnv in error state 6
2005-12-05 13:47:11,error,workerenv,7,mod_jk child workerEnv in error state 7
2005-12-05 13:47:11,error,workerenv,7,mod_jk child workerEnv in error state 7
2005-12-05 13:52:36,error,workerenv,6,mod_jk child workerEnv in error state 6
2005-12-05 13:52:36,error,workerenv,6,mod_jk child workerEnv in error state 6
2005-12-05 13:53:35,error,workerenv,6,mod_jk child workerEnv in error state 6
2005-12-05 13:53:35,error,workerenv,8,mod_jk child workerEnv in error state 8
2005-12-05 13:53:35,error,workerenv,6,mod_jk child workerEnv in error state 6
2005-12-05 13:53:35,error,workerenv,8,mod_jk child workerEnv in error state 8
2005-12-05 14:01:48,error,workerenv,7,mod_jk child workerEnv in error state 7
2005-12-05 14:01:48,error,workerenv,9,mod_jk child workerEnv in error state 9
2005-12-05 14:01:48,error,workerenv,8,mod_jk child workerEnv in error state 8
2005-12-05 14:11:45,error,workerenv,7,mod_jk child workerEnv in error state 7
2005-12-05 15:31:10,error,workerenv,6,mod_jk child workerEnv in error state 6
2005-12-05 15:31:10,error,workerenv,6,mod_jk child workerEnv in error state 6
2005-12-05 15:31:10,error,workerenv,6,mod_jk child workerEnv in error state 6
2005-12-05 15:41:32,error,workerenv,7,mod_jk child workerEnv in error state 7
2005-12-05 15:41:32,error,workerenv,6,mod_jk child workerEnv in error state 6
2005-12-05 15:41:32,error,workerenv,7,mod_jk child workerEnv in error state 7
2005-12-05 15:45:44,error,workerenv,6,mod_jk child workerEnv in error state 6
2005-12-05 15:51:20,error,workerenv,7,mod_jk child workerEnv in error state 7
2005-12-05 15:51:20,error,workerenv,7,mod_jk child workerEnv in error state 7
2005-12-05 15:51:20,error,workerenv,6,mod_jk child workerEnv in error state 6
2005-12-05 15:55:32,error,workerenv,6,mod_jk child workerEnv in error state 6
2005-12-05 16:02:02,error,workerenv,6,mod_jk child workerEnv in error state 6
2005-12-05 16:02:02,error,workerenv,7,mod_jk child workerEnv in error state 7
2005-12-05 16:02:02,error,workerenv,6,mod_jk child workerEnv in error state 6
2005-12-05 16:07:09,error,workerenv,7,mod_jk child workerEnv in error state 7
2005-12-05 16:07:09,error,workerenv,6,mod_jk child workerEnv in error state 6
2005-12-05 16:07:09,error,workerenv,7,mod_jk child workerEnv in error state 7
2005-12-05 16:10:44,error,workerenv,6,mod_jk child workerEnv in error state 6
2005-12-05 16:10:44,error,workerenv,6,mod_jk child workerEnv in error state 6
2005-12-05 16:16:36,error,workerenv,6,mod_jk child workerEnv in error state 6
2005-12-05 16:16:36,error,workerenv,6,mod_jk child workerEnv in error state 6
2005-12-05 16:16:36,error,workerenv,6,mod_jk child workerEnv in error state 6
2005-12-05 16:21:29,error,workerenv,6,mod_jk child workerEnv in error state 6
2005-12-05 16:21:29,error,workerenv,6,mod_jk child workerEnv in error state 6
2005-12-05 16:21:29,error,workerenv,6,mod_jk child workerEnv in error state 6
2005-12-05 16:26:05,error,workerenv,6,mod_jk child workerEnv in error state 6
2005-12-05 16:26:05,error,workerenv,6,mod_jk child workerEnv in error state 6
2005-12-05 16:26:05,error,workerenv,6,mod_jk child workerEnv in error state 6
2005-12-05 16:31:52,error,workerenv,6,mod_jk child workerEnv in error state 6
2005-12-05 16:31:52,error,workerenv,6,mod_jk child workerEnv in error state 6
2005-12-05 16:31:52,error,workerenv,6,mod_jk child workerEnv in error state 6
2005-12-05 16:40:06,error,workerenv,9,mod_jk child workerEnv in error state 9
2005-12-05 16:40:06,error,workerenv,6,mod_jk child workerEnv in error state 6
2005-12-05 16:40:06,error,workerenv,6,mod_jk child workerEnv in error state 6
2005-12-05 17:31:41,error,workerenv,6,mod_jk child workerEnv in error state 6
2005-12-05 17:35:58,error,workerenv,6,mod_jk child workerEnv in error state 6
2005-12-05 17:35:58,error,workerenv,6,mod_jk child workerEnv in error state 6
2005-12-05 17:40:39,error,workerenv,6,mod_jk child workerEnv in error state 6
2005-12-05 17:40:39,error,workerenv,6,mod_jk child workerEnv in error state 6
2005-12-05 17:46:06,error,workerenv,6,mod_jk child workerEnv in error state 6
2005-12-05 17:46:06,error,workerenv,6,mod_jk child workerEnv in error state 6
2005-12-05 17:50:41,error,workerenv,6,mod_jk child workerEnv in error state 6
2005-12-05 17:50:41,error,workerenv,6,mod_jk child workerEnv in error state 6
2005-12-05 17:55:35,error,workerenv,6,mod_jk child workerEnv in error state 6
2005-12-05 17:55:35,error,workerenv,6,mod_jk child workerEnv in error state 6
2005-12-05 18:00:26,error,workerenv,6,mod_jk child workerEnv in error state 6
2005-12-05 18:10:58,error,workerenv,6,mod_jk child workerEnv in error state 6
2005-12-05 18:10:58,error,workerenv,6,mod_jk child workerEnv in error state 6
2005-12-05 18:15:47,error,workerenv,6,mod_jk child workerEnv in error state 6
2005-12-05 18:15:47,error,workerenv,6,mod_jk child workerEnv in error state 6
2005-12-05 18:20:53,error,workerenv,6,mod_jk child workerEnv in error state 6
2005-12-05 18:20:53,error,workerenv,6,mod_jk child workerEnv in error state 6
2005-12-05 18:27:33,error,workerenv,6,mod_jk child workerEnv in error state 6
2005-12-05 18:27:37,error,workerenv,7,mod_jk child workerEnv in error state 7
2005-12-05 18:35:53,error,workerenv,6,mod_jk child workerEnv in error state 6
2005-12-05 18:35:53,error,workerenv,6,mod_jk child workerEnv in error state 6
2005-12-05 18:40:54,error,workerenv,6,mod_jk child workerEnv in error state 6
2005-12-05 18:40:54,error,workerenv,6,mod_jk child workerEnv in error state 6
2005-12-05 18:45:53,error,workerenv,6,mod_jk child workerEnv in error state 6
2005-12-05 18:45:53,error,workerenv,6,mod_jk child workerEnv in error state 6
2005-12-05 18:50:31,error,workerenv,6,mod_jk child workerEnv in error state 6
2005-12-05 18:56:04,error,workerenv,6,mod_jk child workerEnv in error state 6
2005-12-05 18:56:04,error,workerenv,6,mod_jk child workerEnv in error state 6
2005-12-05 19:00:44,error,workerenv,6,mod_jk child workerEnv in error state 6
2005-12-05 19:00:44,error,workerenv,6,mod_jk child workerEnv in error state 6
2005-12-05 19:00:54,error,workerenv,6,mod_jk child workerEnv in error state 6
2005-12-05 19:11:04,error,workerenv,6,mod_jk child workerEnv in error state 6
2005-12-05 19:14:11,error,workerenv,6,mod_jk child workerEnv in error state 6
2005-12-05 19:15:57,error,workerenv,6,mod_jk child workerEnv in error state 6
2005-12-05 19:15:57,error,workerenv,6,mod_jk child workerEnv in error state 6
2005-12-05 19:21:07,error,workerenv,6,mod_jk child workerEnv in error state 6
2005-12-05 19:21:07,error,workerenv,6,mod_jk child workerEnv in error state 6
2005-12-05 19:22:38,error,workerenv,6,mod_jk child workerEnv in error state 6
2005-12-05 19:26:56,error,workerenv,7,mod_jk child workerEnv in error state 7
2005-12-05 19:26:56,error,workerenv,6,mod_jk child workerEnv in error state 6
2005-12-05 19:32:52,error,workerenv,7,mod_jk child workerEnv in error state 7
2005-12-05 21:13:43,error,workerenv,6,mod_jk child workerEnv in error state 6
2005-12-05 21:25:37,error,workerenv,6,mod_jk child workerEnv in error state 6
2005-12-05 21:30:44,error,workerenv,6,mod_jk child workerEnv in error state 6
2005-12-05 21:36:19,error,workerenv,6,mod_jk child workerEnv in error state 6
2005-12-05 21:36:19,error,workerenv,6,mod_jk child workerEnv in error state 6
2005-12-05 21:41:48,error,workerenv,6,mod_jk child workerEnv in error state 6
2005-12-05 21:41:48,error,workerenv,6,mod_jk child workerEnv in error state 6
2005-12-05 21:45:35,error,workerenv,6,mod_jk child workerEnv in error state 6
2005-12-05 21:45:35,error,workerenv,6,mod_jk child workerEnv in error state 6
2005-12-05 21:50:40,error,workerenv,6,mod_jk child workerEnv in error state 6
2005-12-05 21:50:40,error,workerenv,6,mod_jk child workerEnv in error state 6
2005-12-05 21:55:54,error,workerenv,6,mod_jk child workerEnv in error state 6
2005-12-05 21:55:54,error,workerenv,6,mod_jk child workerEnv in error state 6
2005-12-05 22:00:56,error,workerenv,6,mod_jk child workerEnv in error state 6
2005-12-05 22:00:56,error,workerenv,6,mod_jk child workerEnv in error state 6
2005-12-05 22:05:41,error,workerenv,6,mod_jk child workerEnv in error state 6
2005-12-05 22:05:41,error,workerenv,6,mod_jk child workerEnv in error state 6
2005-12-05 22:10:55,error,workerenv,6,mod_jk child workerEnv in error state 6
2005-12-05 22:10:55,error,workerenv,6,mod_jk child workerEnv in error state 6
2005-12-05 22:16:09,error,workerenv,6,mod_jk child workerEnv in error state 6
2005-12-05 22:16:09,error,workerenv,6,mod_jk child workerEnv in error state 6
2005-12-05 22:21:09,error,workerenv,6,mod_jk child workerEnv in error state 6
2005-12-05 22:21:13,error,workerenv,6,mod_jk child workerEnv in error state 6
2005-12-05 22:27:34,error,workerenv,7,mod_jk child workerEnv in error state 7
2005-12-05 22:27:34,error,workerenv,6,mod_jk child workerEnv in error state 6
2005-12-05 22:27:34,error,workerenv,6,mod_jk child workerEnv in error state 6
2005-12-05 23:25:40,error,workerenv,6,mod_jk child workerEnv in error state 6
2005-12-05 23:31:01,error,workerenv,6,mod_jk child workerEnv in error state 6
2005-12-05 23:31:01,error,workerenv,6,mod_jk child workerEnv in error state 6
2005-12-05 23:36:11,error,workerenv,6,mod_jk child workerEnv in error state 6
2005-12-05 23:36:11,error,workerenv,6,mod_jk child workerEnv in error state 6
2005-12-05 23:40:33,error,workerenv,6,mod_jk child workerEnv in error state 6
2005-12-05 23:40:33,error,workerenv,6,mod_jk child workerEnv in error state 6
2005-12-05 23:45:49,error,workerenv,6,mod_jk child workerEnv in error state 6
2005-12-05 23:45:49,error,workerenv,6,mod_jk child workerEnv in error state 6
2005-12-05 23:50:39,error,workerenv,6,mod_jk child workerEnv in error state 6
2005-12-05 23:50:39,error,workerenv,6,mod_jk child workerEnv in error state 6
2005-12-05 23:55:38,error,workerenv,6,mod_jk child workerEnv in error state 6
2005-12-05 23:55:38,error,workerenv,6,mod_jk child workerEnv in error state 6
2005-12-06 00:00:36,error,workerenv,6,mod_jk child workerEnv in error state 6
2005-12-06 00:00:36,error,workerenv,6,mod_jk child workerEnv in error state 6
2005-12-06 00:05:39,error,workerenv,6,mod_jk child workerEnv in error state 6
2005-12-06 00:05:39,error,workerenv,6,mod_jk child workerEnv in error state 6
2005-12-06 00:10:55,error,workerenv,6,mod_jk child workerEnv in error state 6
2005-12-06 00:10:55,error,workerenv,6,mod_jk child workerEnv in error state 6
2005-12-06 00:16:43,error,workerenv,6,mod_jk child workerEnv in error state 6
2005-12-06 00:16:43,error,workerenv,6,mod_jk child workerEnv in error state 6
2005-12-06 00:21:07,error,workerenv,6,mod_jk child workerEnv in error state 6
2005-12-06 00:21:07,error,workerenv,7,mod_jk child workerEnv in error state 7
2005-12-06 00:27:37,error,workerenv,6,mod_jk child workerEnv in error state 6
2005-12-06 00:27:37,error,workerenv,6,mod_jk child workerEnv in error state 6
2005-12-06 01:25:55,error,workerenv,6,mod_jk child workerEnv in error state 6
2005-12-06 01:25:55,error,workerenv,6,mod_jk child workerEnv in error state 6
2005-12-06 01:31:06,error,workerenv,6,mod_jk child workerEnv in error state 6
2005-12-06 01:31:06,error,workerenv,6,mod_jk child workerEnv in error state 6
2005-12-06 01:36:19,error,workerenv,6,mod_jk child workerEnv in error state 6
2005-12-06 01:36:19,error,workerenv,6,mod_jk child workerEnv in error state 6
2005-12-06 01:41:22,error,workerenv,6,mod_jk child workerEnv in error state 6
2005-12-06 01:41:22,error,workerenv,6,mod_jk child workerEnv in error state 6
2005-12-06 01:45:34,error,workerenv,6,mod_jk child workerEnv in error state 6
2005-12-06 01:45:34,error,workerenv,6,mod_jk child workerEnv in error state 6
2005-12-06 01:51:28,error,workerenv,6,mod_jk child workerEnv in error state 6
2005-12-06 01:51:28,error,workerenv,6,mod_jk child workerEnv in error state 6
2005-12-06 01:56:23,error,workerenv,6,mod_jk child workerEnv in error state 6
2005-12-06 01:56:23,error,workerenv,6,mod_jk child workerEnv in error state 6
2005-12-06 02:00:47,error,workerenv,6,mod_jk child workerEnv in error state 6
2005-12-06 02:00:47,error,workerenv,6,mod_jk child workerEnv in error state 6
2005-12-06 02:05:40,error,workerenv,6,mod_jk child workerEnv in error state 6
2005-12-06 02:05:42,error,workerenv,7,mod_jk child workerEnv in error state 7
2005-12-06 02:11:03,error,workerenv,6,mod_jk child workerEnv in error state 6
2005-12-06 02:11:03,error,workerenv,6,mod_jk child workerEnv in error state 6
2005-12-06 02:17:06,error,workerenv,6,mod_jk child workerEnv in error state 6
2005-12-06 02:17:06,error,workerenv,6,mod_jk child workerEnv in error state 6
2005-12-06 02:22:09,error,workerenv,7,mod_jk child workerEnv in error state 7
2005-12-06 02:22:09,error,workerenv,7,mod_jk child workerEnv in error state 7
2005-12-06 02:28:01,error,workerenv,6,mod_jk child workerEnv in error state 6
2005-12-06 02:28:01,error,workerenv,8,mod_jk child workerEnv in error state 8
2005-12-06 02:28:01,error,workerenv,6,mod_jk child workerEnv in error state 6
2005-12-06 02:32:41,error,workerenv,7,mod_jk child workerEnv in error state 7
2005-12-06 02:32:41,error,workerenv,6,mod_jk child workerEnv in error state 6
2005-12-06 02:32:41,error,workerenv,6,mod_jk child workerEnv in error state 6
2005-12-06 03:15:39,error,workerenv,6,mod_jk child workerEnv in error state 6
2005-12-06 03:25:45,error,workerenv,6,mod_jk child workerEnv in error state 6
2005-12-06 03:31:30,error,workerenv,7,mod_jk child workerEnv in error state 7
2005-12-06 03:31:30,error,workerenv,6,mod_jk child workerEnv in error state 6
2005-12-06 03:31:30,error,workerenv,6,mod_jk child workerEnv in error state 6
2005-12-06 03:35:59,error,workerenv,6,mod_jk child workerEnv in error state 6
2005-12-06 03:35:59,error,workerenv,6,mod_jk child workerEnv in error state 6
2005-12-06 03:40:44,error,workerenv,6,mod_jk child workerEnv in error state 6
2005-12-06 03:40:44,error,workerenv,6,mod_jk child workerEnv in error state 6
2005-12-06 03:45:34,error,workerenv,6,mod_jk child workerEnv in error state 6
2005-12-06 03:45:34,error,workerenv,6,mod_jk child workerEnv in error state 6
2005-12-06 03:50:51,error,workerenv,6,mod_jk child workerEnv in error state 6
2005-12-06 03:50:51,error,workerenv,6,mod_jk child workerEnv in error state 6
2005-12-06 03:56:05,error,workerenv,6,mod_jk child workerEnv in error state 6
2005-12-06 03:56:05,error,workerenv,6,mod_jk child workerEnv in error state 6
2005-12-06 04:00:38,error,workerenv,6,mod_jk child workerEnv in error state 6
2005-12-06 04:00:38,error,workerenv,6,mod_jk child workerEnv in error state 6
2005-12-06 04:06:50,error,workerenv,6,mod_jk child workerEnv in error state 6
2005-12-06 04:28:44,error,workerenv,6,mod_jk child workerEnv in error state 6
2005-12-06 04:28:44,error,workerenv,6,mod_jk child workerEnv in error state 6
2005-12-06 04:28:44,error,workerenv,6,mod_jk child workerEnv in error state 6
2005-12-06 04:52:13,error,workerenv,7,mod_jk child workerEnv in error state 7
2005-12-06 04:52:13,error,workerenv,7,mod_jk child workerEnv in error state 7
2005-12-06 04:58:03,error,workerenv,7,mod_jk child workerEnv in error state 7
2005-12-06 04:58:03,error,workerenv,8,mod_jk child workerEnv in error state 8
2005-12-06 05:02:08,error,workerenv,7,mod_jk child workerEnv in error state 7
2005-12-06 05:02:08,error,workerenv,6,mod_jk child workerEnv in error state 6
2005-12-06 05:02:08,error,workerenv,6,mod_jk child workerEnv in error state 6
2005-12-06 05:21:15,error,workerenv,6,mod_jk child workerEnv in error state 6
2005-12-06 05:21:15,error,workerenv,6,mod_jk child workerEnv in error state 6
2005-12-06 05:25:38,error,workerenv,6,mod_jk child workerEnv in error state 6
2005-12-06 05:30:47,error,workerenv,6,mod_jk child workerEnv in error state 6
2005-12-06 05:30:47,error,workerenv,6,mod_jk child workerEnv in error state 6
2005-12-06 05:31:04,error,workerenv,6,mod_jk child workerEnv in error state 6
2005-12-06 05:35:58,error,workerenv,6,mod_jk child workerEnv in error state 6
2005-12-06 05:35:58,error,workerenv,6,mod_jk child workerEnv in error state 6
2005-12-06 05:40:47,error,workerenv,6,mod_jk child workerEnv in error state 6
2005-12-06 05:40:47,error,workerenv,6,mod_jk child workerEnv in error state 6
2005-12-06 05:45:41,error,workerenv,6,mod_jk child workerEnv in error state 6
2005-12-06 05:45:41,error,workerenv,6,mod_jk child workerEnv in error state 6
2005-12-06 05:50:47,error,workerenv,6,mod_jk child workerEnv in error state 6
2005-12-06 05:50:47,error,workerenv,6,mod_jk child workerEnv in error state 6
2005-12-06 05:55:37,error,workerenv,6,mod_jk child workerEnv in error state 6
2005-12-06 05:55:37,error,workerenv,6,mod_jk child workerEnv in error state 6
2005-12-06 06:00:44,error,workerenv,6,mod_jk child workerEnv in error state 6
2005-12-06 06:00:44,error,workerenv,6,mod_jk child workerEnv in error state 6
2005-12-06 06:06:36,error,workerenv,6,mod_jk child workerEnv in error state 6
2005-12-06 06:06:36,error,workerenv,6,mod_jk child workerEnv in error state 6
2005-12-06 06:11:13,error,workerenv,6,mod_jk child workerEnv in error state 6
2005-12-06 06:11:13,error,workerenv,6,mod_jk child workerEnv in error state 6
2005-12-06 06:16:20,error,workerenv,6,mod_jk child workerEnv in error state 6
2005-12-06 06:16:48,error,workerenv,7,mod_jk child workerEnv in error state 7
2005-12-06 06:16:48,error,workerenv,6,mod_jk child workerEnv in error state 6
2005-12-06 06:23:36,error,workerenv,7,mod_jk child workerEnv in error state 7
2005-12-06 06:23:36,error,workerenv,6,mod_jk child workerEnv in error state 6
2005-12-06 06:23:36,error,workerenv,6,mod_jk child workerEnv in error state 6
2005-12-06 07:15:50,error,workerenv,6,mod_jk child workerEnv in error state 6
2005-12-06 07:15:50,error,workerenv,6,mod_jk child workerEnv in error state 6
2005-12-06 07:25:50,error,workerenv,6,mod_jk child workerEnv in error state 6
2005-12-06 07:32:03,error,workerenv,7,mod_jk child workerEnv in error state 7
2005-12-06 07:32:03,error,workerenv,6,mod_jk child workerEnv in error state 6
2005-12-06 07:36:31,error,workerenv,7,mod_jk child workerEnv in error state 7
2005-12-06 07:36:31,error,workerenv,6,mod_jk child workerEnv in error state 6
2005-12-06 07:40:54,error,workerenv,6,mod_jk child workerEnv in error state 6
2005-12-06 07:40:54,error,workerenv,6,mod_jk child workerEnv in error state 6
2005-12-06 07:46:09,error,workerenv,6,mod_jk child workerEnv in error state 6
2005-12-06 07:46:09,error,workerenv,6,mod_jk child workerEnv in error state 6
2005-12-06 07:50:49,error,workerenv,6,mod_jk child workerEnv in error state 6
2005-12-06 07:50:49,error,workerenv,6,mod_jk child workerEnv in error state 6
2005-12-06 07:55:44,error,workerenv,6,mod_jk child workerEnv in error state 6
2005-12-06 07:55:44,error,workerenv,6,mod_jk child workerEnv in error state 6
2005-12-06 08:01:30,error,workerenv,6,mod_jk child workerEnv in error state 6
2005-12-06 08:01:30,error,workerenv,6,mod_jk child workerEnv in error state 6
2005-12-06 08:03:28,error,workerenv,7,mod_jk child workerEnv in error state 7
2005-12-06 08:03:28,error,workerenv,6,mod_jk child workerEnv in error state 6
2005-12-06 08:03:28,error,workerenv,7,mod_jk child workerEnv in error state 7
2005-12-06 09:01:05,error,workerenv,6,mod_jk child workerEnv in error state 6
2005-12-06 09:01:05,error,workerenv,6,mod_jk child workerEnv in error state 6
2005-12-06 09:15:37,error,workerenv,6,mod_jk child workerEnv in error state 6
2005-12-06 09:21:12,error,workerenv,6,mod_jk child workerEnv in error state 6
2005-12-06 09:21:12,error,workerenv,6,mod_jk child workerEnv in error state 6
2005-12-06 09:25:59,error,workerenv,6,mod_jk child workerEnv in error state 6
2005-12-06 09:25:59,error,workerenv,6,mod_jk child workerEnv in error state 6
2005-12-06 09:31:43,error,workerenv,6,mod_jk child workerEnv in error state 6
2005-12-06 09:31:43,error,workerenv,6,mod_jk child workerEnv in error state 6
2005-12-06 09:35:56,error,workerenv,6,mod_jk child workerEnv in error state 6
2005-12-06 09:35:56,error,workerenv,6,mod_jk child workerEnv in error state 6
2005-12-06 09:46:01,error,workerenv,6,mod_jk child workerEnv in error state 6
2005-12-06 09:46:01,error,workerenv,6,mod_jk child workerEnv in error state 6
2005-12-06 09:50:59,error,workerenv,6,mod_jk child workerEnv in error state 6
2005-12-06 09:50:59,error,workerenv,6,mod_jk child workerEnv in error state 6
2005-12-06 09:56:02,error,workerenv,6,mod_jk child workerEnv in error state 6
2005-12-06 09:56:02,error,workerenv,6,mod_jk child workerEnv in error state 6
2005-12-06 10:00:55,error,workerenv,6,mod_jk child workerEnv in error state 6
2005-12-06 10:00:55,error,workerenv,6,mod_jk child workerEnv in error state 6
2005-12-06 10:06:12,error,workerenv,6,mod_jk child workerEnv in error state 6
2005-12-06 10:06:14,error,workerenv,7,mod_jk child workerEnv in error state 7
2005-12-06 10:10:54,error,workerenv,6,mod_jk child workerEnv in error state 6
2005-12-06 10:10:54,error,workerenv,6,mod_jk child workerEnv in error state 6
2005-12-06 10:17:14,error,workerenv,7,mod_jk child workerEnv in error state 7
2005-12-06 10:17:14,error,workerenv,6,mod_jk child workerEnv in error state 6
2005-12-06 10:17:14,error,workerenv,6,mod_jk child workerEnv in error state 6
2005-12-06 10:25:45,error,workerenv,6,mod_jk child workerEnv in error state 6
2005-12-06 10:25:45,error,workerenv,6,mod_jk child workerEnv in error state 6
2005-12-06 10:30:50,error,workerenv,6,mod_jk child workerEnv in error state 6
2005-12-06 10:30:50,error,workerenv,6,mod_jk child workerEnv in error state 6
2005-12-06 10:35:53,error,workerenv,6,mod_jk child workerEnv in error state 6
2005-12-06 10:35:53,error,workerenv,6,mod_jk child workerEnv in error state 6
2005-12-06 10:41:08,error,workerenv,6,mod_jk child workerEnv in error state 6
2005-12-06 10:41:08,error,workerenv,6,mod_jk child workerEnv in error state 6
2005-12-06 10:45:54,error,workerenv,6,mod_jk child workerEnv in error state 6
2005-12-06 10:45:54,error,workerenv,6,mod_jk child workerEnv in error state 6
2005-12-06 10:50:53,error,workerenv,6,mod_jk child workerEnv in error state 6
2005-12-06 10:50:53,error,workerenv,6,mod_jk child workerEnv in error state 6
2005-12-06 10:53:06,error,workerenv,6,mod_jk child workerEnv in error state 6
2005-12-06 10:55:58,error,workerenv,6,mod_jk child workerEnv in error state 6
2005-12-06 10:55:58,error,workerenv,6,mod_jk child workerEnv in error state 6
2005-12-06 11:00:38,error,workerenv,6,mod_jk child workerEnv in error state 6
2005-12-06 11:00:38,error,workerenv,6,mod_jk child workerEnv in error state 6
2005-12-06 11:05:39,error,workerenv,6,mod_jk child workerEnv in error state 6
2005-12-06 11:05:40,error,workerenv,6,mod_jk child workerEnv in error state 6
2005-12-06 11:05:51,error,workerenv,6,mod_jk child workerEnv in error state 6
2005-12-06 11:12:28,error,workerenv,7,mod_jk child workerEnv in error state 7
2005-12-06 11:12:28,error,workerenv,6,mod_jk child workerEnv in error state 6
2005-12-06 11:12:28,error,workerenv,6,mod_jk child workerEnv in error state 6
2005-12-06 11:25:50,error,workerenv,6,mod_jk child workerEnv in error state 6
2005-12-06 11:30:42,error,workerenv,6,mod_jk child workerEnv in error state 6
2005-12-06 11:30:42,error,workerenv,6,mod_jk child workerEnv in error state 6
2005-12-06 11:35:51,error,workerenv,6,mod_jk child workerEnv in error state 6
2005-12-06 11:35:51,error,workerenv,6,mod_jk child workerEnv in error state 6
2005-12-06 11:40:58,error,workerenv,6,mod_jk child workerEnv in error state 6
2005-12-06 11:40:58,error,workerenv,6,mod_jk child workerEnv in error state 6
2005-12-06 11:46:25,error,workerenv,6,mod_jk child workerEnv in error state 6
2005-12-06 11:46:25,error,workerenv,6,mod_jk child workerEnv in error state 6
2005-12-06 11:51:04,error,workerenv,6,mod_jk child workerEnv in error state 6
2005-12-06 11:51:04,error,workerenv,6,mod_jk child workerEnv in error state 6
2005-12-06 11:55:42,error,workerenv,6,mod_jk child workerEnv in error state 6
2005-12-06 11:55:42,error,workerenv,6,mod_jk child workerEnv in error state 6
2005-12-06 12:03:00,error,workerenv,7,mod_jk child workerEnv in error state 7
2005-12-08 20:52:03,error,workerenv,1,mod_jk child workerEnv in error state 1
2005-12-08 20:52:03,error,workerenv,1,mod_jk child workerEnv in error state 1
2005-12-08 22:09:52,error,workerenv,2,mod_jk child workerEnv in error state 2
2005-12-08 22:09:52,error,workerenv,2,mod_jk child workerEnv in error state 2
2005-12-09 04:59:11,error,workerenv,1,mod_jk child workerEnv in error state 1
2005-12-09 04:59:11,error,workerenv,1,mod_jk child workerEnv in error state 1
2005-12-18 04:02:20,error,workerenv,1,mod_jk child workerEnv in error state 1
2005-12-25 04:02:20,error,workerenv,2,mod_jk child workerEnv in error state 2
2006-01-01 04:02:20,error,workerenv,3,mod_jk child workerEnv in error state 3
2006-01-07 04:02:40,error,workerenv,4,mod_jk child workerEnv in error state 4
2006-01-07 04:02:40,error,workerenv,4,mod_jk child workerEnv in error state 4
2006-01-07 04:02:40,error,workerenv,4,mod_jk child workerEnv in error state 4
2006-01-08 02:12:47,error,workerenv,4,mod_jk child workerEnv in error state 4
2006-01-08 04:05:58,error,workerenv,5,mod_jk child workerEnv in error state 5
2006-01-08 04:05:58,error,workerenv,5,mod_jk child workerEnv in error state 5
2006-01-08 08:46:28,error,workerenv,5,mod_jk child workerEnv in error state 5
2006-01-08 16:42:22,error,workerenv,6,mod_jk child workerEnv in error state 6
2006-01-09 10:21:40,error,workerenv,6,mod_jk child workerEnv in error state 6
2006-01-09 10:26:47,error,workerenv,6,mod_jk child workerEnv in error state 6
2006-01-10 05:02:50,error,workerenv,6,mod_jk child workerEnv in error state 6
2006-01-10 05:02:56,error,workerenv,6,mod_jk child workerEnv in error state 6
2006-01-11 03:37:57,error,workerenv,6,mod_jk child workerEnv in error state 6
2006-01-11 03:37:58,error,workerenv,6,mod_jk child workerEnv in error state 6
2006-01-14 04:05:48,error,workerenv,6,mod_jk child workerEnv in error state 6
2006-01-14 05:54:31,error,workerenv,6,mod_jk child workerEnv in error state 6
2006-01-14 12:04:59,error,workerenv,6,mod_jk child workerEnv in error state 6
2006-01-14 12:05:00,error,workerenv,6,mod_jk child workerEnv in error state 6
2006-01-14 12:05:01,error,workerenv,6,mod_jk child workerEnv in error state 6
2006-01-14 12:05:01,error,workerenv,6,mod_jk child workerEnv in error state 6
2006-01-14 12:23:43,error,workerenv,6,mod_jk child workerEnv in error state 6
2006-01-15 02:35:52,error,workerenv,6,mod_jk child workerEnv in error state 6
2006-01-15 02:35:53,error,workerenv,6,mod_jk child workerEnv in error state 6
2006-01-15 04:11:25,error,workerenv,6,mod_jk child workerEnv in error state 6
2006-01-15 04:11:25,error,workerenv,6,mod_jk child workerEnv in error state 6
2006-01-15 10:51:35,error,workerenv,6,mod_jk child workerEnv in error state 6
2006-01-15 10:51:38,error,workerenv,6,mod_jk child workerEnv in error state 6
2006-01-15 10:51:40,error,workerenv,6,mod_jk child workerEnv in error state 6
2006-01-15 10:51:47,error,workerenv,6,mod_jk child workerEnv in error state 6
2006-01-16 03:48:26,error,workerenv,6,mod_jk child workerEnv in error state 6
2006-01-16 03:48:30,error,workerenv,6,mod_jk child workerEnv in error state 6
2006-01-16 17:01:10,error,workerenv,7,mod_jk child workerEnv in error state 7
2006-01-16 17:01:15,error,workerenv,7,mod_jk child workerEnv in error state 7
2006-01-17 01:20:42,error,workerenv,7,mod_jk child workerEnv in error state 7
2006-01-17 01:20:43,error,workerenv,7,mod_jk child workerEnv in error state 7
2006-01-20 05:37:23,error,workerenv,7,mod_jk child workerEnv in error state 7
2006-01-20 05:37:32,error,workerenv,7,mod_jk child workerEnv in error state 7
2006-01-21 19:20:57,error,workerenv,7,mod_jk child workerEnv in error state 7
2006-01-21 19:20:58,error,workerenv,7,mod_jk child workerEnv in error state 7
2006-01-21 19:20:58,error,workerenv,7,mod_jk child workerEnv in error state 7
2006-01-22 04:11:03,error,workerenv,7,mod_jk child workerEnv in error state 7
2006-01-22 08:28:18,error,workerenv,7,mod_jk child workerEnv in error state 7
2006-01-22 08:28:20,error,workerenv,7,mod_jk child workerEnv in error state 7
2006-01-22 08:28:24,error,workerenv,7,mod_jk child workerEnv in error state 7
2006-01-22 08:28:27,error,workerenv,7,mod_jk child workerEnv in error state 7
2006-01-22 08:28:33,error,workerenv,7,mod_jk child workerEnv in error state 7
2006-01-22 21:45:42,error,workerenv,7,mod_jk child workerEnv in error state 7
2006-01-22 21:46:39,error,workerenv,7,mod_jk child workerEnv in error state 7
2006-01-24 00:41:46,error,workerenv,8,mod_jk child workerEnv in error state 8
2006-01-24 20:49:18,error,workerenv,8,mod_jk child workerEnv in error state 8
2006-01-24 20:49:19,error,workerenv,8,mod_jk child workerEnv in error state 8
2006-01-24 20:49:19,error,workerenv,8,mod_jk child workerEnv in error state 8
2006-01-25 01:20:02,error,workerenv,8,mod_jk child workerEnv in error state 8
2006-01-25 01:20:11,error,workerenv,8,mod_jk child workerEnv in error state 8
2006-01-25 01:24:12,error,workerenv,8,mod_jk child workerEnv in error state 8
2006-01-25 01:24:14,error,workerenv,8,mod_jk child workerEnv in error state 8
2006-01-25 01:24:18,error,workerenv,8,mod_jk child workerEnv in error state 8
2006-01-25 07:33:45,error,workerenv,8,mod_jk child workerEnv in error state 8
2006-01-25 07:33:48,error,workerenv,8,mod_jk child workerEnv in error state 8
2006-01-25 07:33:50,error,workerenv,8,mod_jk child workerEnv in error state 8
2006-01-25 07:33:50,error,workerenv,8,mod_jk child workerEnv in error state 8
2006-01-25 07:33:59,error,workerenv,8,mod_jk child workerEnv in error state 8
